 FDMNES program, Revision 15th of July 2025        
   Date = 13 08 2026                              
   Time = 11 h 34 mn 57 s                         
 
   range    
   radius   
   edge     
   z_absorbe
   green    
   quadrupol
   scf      
   crystal  

 Filout: run_7
 Threshold: Titanium K1 edge

 Sequential calculation

 Number of calculated non equivalent absorbing atom =    4

 E_edge     =  4966.00 eV

   run_7_1

 Cluster radius = 5.00 A, nb. of atom =  45
 Fermi energy calculation : cluster radius = 5.00 A, nb. of atom =  45
 Potential sup calculation: cluster radius = 7.50 A, nb. of atom = 148

 Point group : m        (Cs   )

 ipr   Z  mult     ch_val    ch_core   ch_total     ch_out   Atom charge
   1  22    4       2.806     17.890     20.696      0.001      1.304
   2  22    4       2.768     17.887     20.655      0.234      1.345
   3  22    4       2.806     17.890     20.696      0.180      1.304
   4  22    4       2.771     17.887     20.658      0.057      1.342
   5   8    4       5.081      2.000      7.081      0.004      0.919
   6   8    4       5.044      2.000      7.044      0.009      0.956
   7   8    4       5.073      2.000      7.073      0.005      0.927
   8   8    4       5.115      2.000      7.115      0.005      0.885
   9   8    4       5.078      2.000      7.078      0.081      0.922
  10   8    4       5.068      2.000      7.068      0.011      0.932
  11   8    4       5.065      2.000      7.065      0.004      0.935
  12   8    4       5.110      2.000      7.110      0.190      0.890

 Cycle   1,  Fermi energy = -12.543 eV, Occupancy val abs =  0.805

 Cycle   1: Total energy =      -431456.6 eV,
             Delta ch (  1) = 1.580, Ch =  2.883, Ch_p =  1.304, Weight = 0.05000, Mod_p =  0

      ipr   Z   Energy_Tot      Charge     Ch-Ch_i  pop_orb_val(L)   L    Radius
        1  22     -22799.3       1.383       0.079       0.805       2   1.21591
        2  22     -22791.0       1.421       0.076       0.674       2   1.21093
        3  22     -22804.9       1.379       0.075       0.746       2   1.21585
        4  22     -22801.9       1.418       0.076       0.787       2   1.21131
        5   8      -2082.6       0.882      -0.037       4.131       1   0.88902
        6   8      -2077.3       0.920      -0.036       4.068       1   0.88303
        7   8      -2080.2       0.890      -0.037       4.114       1   0.88783
        8   8      -2090.8       0.846      -0.040       4.199       1   0.89454
        9   8      -2083.0       0.883      -0.039       4.081       1   0.88862
       10   8      -2074.1       0.898      -0.034       4.055       1   0.88702
       11   8      -2079.9       0.898      -0.037       4.112       1   0.88646
       12   8      -2099.3       0.844      -0.046       4.127       1   0.89379

 Cycle   2,  Fermi energy = -12.397 eV, Occupancy val abs =  0.933

 Cycle   2: Total energy =      -431976.7 eV, Delta energy =   1414.866 >   4.800 eV
             Delta ch (  1) = 1.280, Ch =  2.663, Ch_p =  1.383, Weight = 0.05000, Mod_p =  0
                                                            Next weight = 0.02500

      ipr   Z   Energy_Tot      Charge     Ch-Ch_i  pop_orb_val(L)   L    Radius
        1  22     -22862.3       1.415       0.111       0.933       2   1.21591
        2  22     -22845.9       1.452       0.107       0.791       2   1.21093
        3  22     -22872.3       1.409       0.105       0.882       2   1.21585
        4  22     -22856.7       1.449       0.107       0.900       2   1.21131
        5   8      -2057.5       0.869      -0.050       3.916       1   0.88902
        6   8      -2066.9       0.905      -0.052       3.983       1   0.88303
        7   8      -2064.5       0.876      -0.051       3.987       1   0.88783
        8   8      -2063.7       0.832      -0.053       3.968       1   0.89454
        9   8      -2076.5       0.865      -0.056       4.035       1   0.88862
       10   8      -2075.7       0.881      -0.051       4.074       1   0.88702
       11   8      -2064.7       0.884      -0.051       3.987       1   0.88646
       12   8      -2087.4       0.824      -0.066       4.044       1   0.89379

 Cycle   3,  Fermi energy = -12.267 eV, Occupancy val abs =  1.000

 Cycle   3: Total energy =      -432168.1 eV, Delta energy =    554.133 >   4.800 eV
             Delta ch (  1) = 1.158, Ch =  2.573, Ch_p =  1.415, Weight = 0.02500, Mod_p =  0

      ipr   Z   Energy_Tot      Charge     Ch-Ch_i  pop_orb_val(L)   L    Radius
        1  22     -22886.5       1.443       0.140       1.000       2   1.21591
        2  22     -22869.6       1.480       0.135       0.854       2   1.21093
        3  22     -22892.4       1.436       0.132       0.941       2   1.21585
        4  22     -22881.9       1.477       0.136       0.964       2   1.21131
        5   8      -2051.5       0.858      -0.061       3.864       1   0.88902
        6   8      -2063.5       0.890      -0.066       3.957       1   0.88303
        7   8      -2057.8       0.863      -0.064       3.932       1   0.88783
        8   8      -2055.6       0.821      -0.064       3.898       1   0.89454
        9   8      -2070.9       0.849      -0.072       3.993       1   0.88862
       10   8      -2074.6       0.864      -0.067       4.068       1   0.88702
       11   8      -2058.7       0.871      -0.064       3.939       1   0.88646
       12   8      -2079.0       0.806      -0.084       3.979       1   0.89379

 Cycle   4,  Fermi energy = -12.120 eV, Occupancy val abs =  1.060

 Cycle   4: Total energy =      -432319.6 eV, Delta energy =    460.393 >   4.800 eV
             Delta ch (  1) = 1.057, Ch =  2.501, Ch_p =  1.443, Weight = 0.02500, Mod_p =  0

      ipr   Z   Energy_Tot      Charge     Ch-Ch_i  pop_orb_val(L)   L    Radius
        1  22     -22905.7       1.470       0.166       1.060       2   1.21591
        2  22     -22886.4       1.506       0.161       0.904       2   1.21093
        3  22     -22911.8       1.461       0.157       1.000       2   1.21585
        4  22     -22903.0       1.503       0.161       1.023       2   1.21131
        5   8      -2048.7       0.848      -0.071       3.841       1   0.88902
        6   8      -2060.5       0.877      -0.079       3.934       1   0.88303
        7   8      -2052.3       0.852      -0.075       3.888       1   0.88783
        8   8      -2051.5       0.811      -0.074       3.864       1   0.89454
        9   8      -2064.4       0.835      -0.087       3.942       1   0.88862
       10   8      -2072.4       0.849      -0.083       4.055       1   0.88702
       11   8      -2053.8       0.859      -0.076       3.899       1   0.88646
       12   8      -2069.5       0.790      -0.100       3.901       1   0.89379

 Cycle   5,  Fermi energy = -11.967 eV, Occupancy val abs =  1.112

 Cycle   5: Total energy =      -432434.8 eV, Delta energy =    361.074 >   4.800 eV
             Delta ch (  1) = 0.969, Ch =  2.439, Ch_p =  1.470, Weight = 0.02500, Mod_p =  0

      ipr   Z   Energy_Tot      Charge     Ch-Ch_i  pop_orb_val(L)   L    Radius
        1  22     -22922.4       1.494       0.191       1.112       2   1.21591
        2  22     -22899.5       1.530       0.185       0.951       2   1.21093
        3  22     -22927.4       1.483       0.179       1.051       2   1.21585
        4  22     -22917.2       1.527       0.185       1.070       2   1.21131
        5   8      -2047.6       0.838      -0.081       3.835       1   0.88902
        6   8      -2057.4       0.864      -0.092       3.912       1   0.88303
        7   8      -2048.8       0.842      -0.085       3.862       1   0.88783
        8   8      -2050.3       0.801      -0.084       3.856       1   0.89454
        9   8      -2058.2       0.822      -0.100       3.893       1   0.88862
       10   8      -2069.5       0.834      -0.098       4.036       1   0.88702
       11   8      -2050.2       0.848      -0.087       3.872       1   0.88646
       12   8      -2060.1       0.777      -0.113       3.824       1   0.89379

 Cycle   6,  Fermi energy = -11.817 eV, Occupancy val abs =  1.160

 Cycle   6: Total energy =      -432544.3 eV, Delta energy =    339.969 >   4.800 eV
             Delta ch (  2) = 0.893, Ch =  2.424, Ch_p =  1.530, Weight = 0.02500, Mod_p =  0

      ipr   Z   Energy_Tot      Charge     Ch-Ch_i  pop_orb_val(L)   L    Radius
        1  22     -22937.5       1.516       0.213       1.160       2   1.21591
        2  22     -22913.3       1.553       0.208       0.999       2   1.21093
        3  22     -22940.2       1.504       0.200       1.099       2   1.21585
        4  22     -22931.7       1.548       0.206       1.115       2   1.21131
        5   8      -2045.7       0.829      -0.090       3.822       1   0.88902
        6   8      -2054.3       0.852      -0.104       3.888       1   0.88303
        7   8      -2046.2       0.832      -0.095       3.842       1   0.88783
        8   8      -2048.9       0.792      -0.093       3.846       1   0.89454
        9   8      -2052.6       0.811      -0.111       3.848       1   0.88862
       10   8      -2066.4       0.820      -0.112       4.014       1   0.88702
       11   8      -2046.9       0.838      -0.097       3.847       1   0.88646
       12   8      -2052.4       0.765      -0.125       3.759       1   0.89379

 Cycle   7,  Fermi energy = -11.671 eV, Occupancy val abs =  1.206

 Cycle   7: Total energy =      -432642.3 eV, Delta energy =    307.593 >   4.800 eV
             Delta ch (  2) = 0.822, Ch =  2.375, Ch_p =  1.553, Weight = 0.02500, Mod_p =  0

      ipr   Z   Energy_Tot      Charge     Ch-Ch_i  pop_orb_val(L)   L    Radius
        1  22     -22950.6       1.537       0.233       1.206       2   1.21591
        2  22     -22926.8       1.573       0.228       1.048       2   1.21093
        3  22     -22952.9       1.523       0.219       1.146       2   1.21585
        4  22     -22943.0       1.568       0.226       1.157       2   1.21131
        5   8      -2043.5       0.820      -0.099       3.805       1   0.88902
        6   8      -2051.0       0.841      -0.115       3.862       1   0.88303
        7   8      -2044.1       0.823      -0.104       3.826       1   0.88783
        8   8      -2047.3       0.783      -0.102       3.835       1   0.89454
        9   8      -2048.0       0.800      -0.121       3.811       1   0.88862
       10   8      -2063.1       0.807      -0.125       3.990       1   0.88702
       11   8      -2043.6       0.829      -0.106       3.822       1   0.88646
       12   8      -2046.8       0.755      -0.135       3.712       1   0.89379

 Cycle   8,  Fermi energy = -11.504 eV, Occupancy val abs =  1.160

 Cycle   8: Total energy =      -432599.4 eV, Delta energy =    384.030 >   4.800 eV
             Delta ch (  1) = 1.002, Ch =  2.538, Ch_p =  1.537, Weight = 0.02500, Mod_p =  0

      ipr   Z   Energy_Tot      Charge     Ch-Ch_i  pop_orb_val(L)   L    Radius
        1  22     -22900.6       1.562       0.258       1.160       2   1.21591
        2  22     -22941.2       1.592       0.247       1.100       2   1.21093
        3  22     -22965.7       1.540       0.236       1.194       2   1.21585
        4  22     -22954.5       1.587       0.245       1.198       2   1.21131
        5   8      -2044.8       0.811      -0.108       3.822       1   0.88902
        6   8      -2050.5       0.831      -0.126       3.863       1   0.88303
        7   8      -2044.6       0.814      -0.113       3.836       1   0.88783
        8   8      -2049.3       0.774      -0.111       3.858       1   0.89454
        9   8      -2047.0       0.790      -0.131       3.807       1   0.88862
       10   8      -2061.1       0.794      -0.137       3.979       1   0.88702
       11   8      -2043.7       0.820      -0.115       3.827       1   0.88646
       12   8      -2047.0       0.745      -0.145       3.718       1   0.89379

 Cycle   9,  Fermi energy = -11.365 eV, Occupancy val abs =  1.216

 Cycle   9: Total energy =      -432698.3 eV, Delta energy =    305.086 >   4.800 eV
             Delta ch (  1) = 0.916, Ch =  2.478, Ch_p =  1.562, Weight = 0.02500, Mod_p =  0

      ipr   Z   Energy_Tot      Charge     Ch-Ch_i  pop_orb_val(L)   L    Radius
        1  22     -22917.6       1.585       0.281       1.216       2   1.21591
        2  22     -22953.6       1.609       0.264       1.147       2   1.21093
        3  22     -22976.9       1.556       0.252       1.238       2   1.21585
        4  22     -22964.3       1.604       0.262       1.236       2   1.21131
        5   8      -2042.2       0.803      -0.116       3.803       1   0.88902
        6   8      -2046.0       0.821      -0.135       3.828       1   0.88303
        7   8      -2042.7       0.805      -0.122       3.822       1   0.88783
        8   8      -2048.2       0.765      -0.120       3.851       1   0.89454
        9   8      -2042.7       0.781      -0.140       3.774       1   0.88862
       10   8      -2057.4       0.783      -0.149       3.952       1   0.88702
       11   8      -2042.0       0.811      -0.124       3.816       1   0.88646
       12   8      -2041.0       0.737      -0.153       3.667       1   0.89379

 Cycle  10,  Fermi energy = -11.236 eV, Occupancy val abs =  1.272

 Cycle  10: Total energy =      -432795.2 eV, Delta energy =    296.939 >   4.800 eV
             Delta ch (  1) = 0.835, Ch =  2.420, Ch_p =  1.585, Weight = 0.02500, Mod_p =  0

      ipr   Z   Energy_Tot      Charge     Ch-Ch_i  pop_orb_val(L)   L    Radius
        1  22     -22933.7       1.606       0.302       1.272       2   1.21591
        2  22     -22966.0       1.625       0.280       1.193       2   1.21093
        3  22     -22987.8       1.571       0.267       1.280       2   1.21585
        4  22     -22974.1       1.619       0.278       1.274       2   1.21131
        5   8      -2039.2       0.795      -0.124       3.780       1   0.88902
        6   8      -2042.2       0.812      -0.144       3.798       1   0.88303
        7   8      -2040.5       0.797      -0.130       3.806       1   0.88783
        8   8      -2046.2       0.757      -0.128       3.837       1   0.89454
        9   8      -2038.8       0.773      -0.148       3.742       1   0.88862
       10   8      -2053.6       0.772      -0.159       3.923       1   0.88702
       11   8      -2039.5       0.803      -0.132       3.798       1   0.88646
       12   8      -2037.2       0.729      -0.161       3.636       1   0.89379

 Cycle  11,  Fermi energy = -11.094 eV, Occupancy val abs =  1.329

 Cycle  11: Total energy =      -432769.8 eV, Delta energy =    356.302 >   4.800 eV
             Delta ch (  1) = 0.750, Ch =  2.356, Ch_p =  1.606, Weight = 0.02500, Mod_p =  0

      ipr   Z   Energy_Tot      Charge     Ch-Ch_i  pop_orb_val(L)   L    Radius
        1  22     -22951.2       1.624       0.321       1.329       2   1.21591
        2  22     -22978.5       1.639       0.293       1.240       2   1.21093
        3  22     -22943.4       1.589       0.285       1.236       2   1.21585
        4  22     -22983.3       1.634       0.292       1.310       2   1.21131
        5   8      -2039.6       0.788      -0.131       3.788       1   0.88902
        6   8      -2041.8       0.804      -0.152       3.799       1   0.88303
        7   8      -2040.2       0.789      -0.138       3.808       1   0.88783
        8   8      -2046.8       0.748      -0.137       3.847       1   0.89454
        9   8      -2038.3       0.766      -0.156       3.742       1   0.88862
       10   8      -2051.5       0.762      -0.169       3.911       1   0.88702
       11   8      -2039.6       0.795      -0.140       3.803       1   0.88646
       12   8      -2038.4       0.722      -0.168       3.650       1   0.89379

 Cycle  12,  Fermi energy = -10.943 eV, Occupancy val abs =  1.383

 Cycle  12: Total energy =      -432740.8 eV, Delta energy =    435.726 >   4.800 eV
             Delta ch (  4) = 0.770, Ch =  2.404, Ch_p =  1.634, Weight = 0.02500, Mod_p =  0

      ipr   Z   Energy_Tot      Charge     Ch-Ch_i  pop_orb_val(L)   L    Radius
        1  22     -22967.1       1.641       0.338       1.383       2   1.21591
        2  22     -22990.6       1.651       0.306       1.285       2   1.21093
        3  22     -22961.1       1.606       0.302       1.296       2   1.21585
        4  22     -22930.9       1.653       0.311       1.250       2   1.21131
        5   8      -2038.8       0.780      -0.139       3.787       1   0.88902
        6   8      -2039.8       0.796      -0.160       3.785       1   0.88303
        7   8      -2039.4       0.782      -0.145       3.805       1   0.88783
        8   8      -2046.0       0.740      -0.145       3.844       1   0.89454
        9   8      -2042.1       0.757      -0.164       3.780       1   0.88862
       10   8      -2052.2       0.752      -0.179       3.921       1   0.88702
       11   8      -2040.3       0.788      -0.148       3.813       1   0.88646
       12   8      -2037.1       0.714      -0.176       3.643       1   0.89379

 Cycle  13,  Fermi energy = -10.834 eV, Occupancy val abs =  1.436

 Cycle  13: Total energy =      -432854.4 eV, Delta energy =    327.405 >   4.800 eV
             Delta ch (  4) = 0.704, Ch =  2.357, Ch_p =  1.653, Weight = 0.02500, Mod_p =  0

      ipr   Z   Energy_Tot      Charge     Ch-Ch_i  pop_orb_val(L)   L    Radius
        1  22     -22984.3       1.656       0.352       1.436       2   1.21591
        2  22     -22999.1       1.662       0.317       1.320       2   1.21093
        3  22     -22977.5       1.621       0.317       1.349       2   1.21585
        4  22     -22943.8       1.671       0.329       1.295       2   1.21131
        5   8      -2037.2       0.773      -0.146       3.775       1   0.88902
        6   8      -2038.7       0.789      -0.168       3.778       1   0.88303
        7   8      -2034.4       0.775      -0.152       3.764       1   0.88783
        8   8      -2042.1       0.733      -0.152       3.812       1   0.89454
        9   8      -2037.9       0.750      -0.172       3.745       1   0.88862
       10   8      -2050.1       0.743      -0.189       3.906       1   0.88702
       11   8      -2036.1       0.781      -0.155       3.779       1   0.88646
       12   8      -2032.5       0.708      -0.182       3.604       1   0.89379

 Cycle  14,  Fermi energy = -10.729 eV, Occupancy val abs =  1.483

 Cycle  14: Total energy =      -432961.2 eV, Delta energy =    309.562 >   4.800 eV
             Delta ch (  4) = 0.640, Ch =  2.310, Ch_p =  1.671, Weight = 0.02500, Mod_p =  0

      ipr   Z   Energy_Tot      Charge     Ch-Ch_i  pop_orb_val(L)   L    Radius
        1  22     -23000.0       1.669       0.365       1.483       2   1.21591
        2  22     -23007.3       1.673       0.327       1.353       2   1.21093
        3  22     -22993.0       1.633       0.329       1.400       2   1.21585
        4  22     -22956.5       1.687       0.345       1.339       2   1.21131
        5   8      -2034.9       0.767      -0.152       3.757       1   0.88902
        6   8      -2036.5       0.782      -0.175       3.761       1   0.88303
        7   8      -2030.4       0.770      -0.157       3.732       1   0.88783
        8   8      -2038.7       0.727      -0.159       3.785       1   0.89454
        9   8      -2034.1       0.743      -0.178       3.714       1   0.88862
       10   8      -2047.5       0.734      -0.198       3.886       1   0.88702
       11   8      -2032.1       0.775      -0.161       3.747       1   0.88646
       12   8      -2029.3       0.703      -0.187       3.577       1   0.89379

 Cycle  15,  Fermi energy = -10.617 eV, Occupancy val abs =  1.530

 Cycle  15: Total energy =      -432979.9 eV, Delta energy =    343.475 >   4.800 eV
             Delta ch (  4) = 0.579, Ch =  2.265, Ch_p =  1.687, Weight = 0.02500, Mod_p =  0

      ipr   Z   Energy_Tot      Charge     Ch-Ch_i  pop_orb_val(L)   L    Radius
        1  22     -23016.0       1.680       0.376       1.530       2   1.21591
        2  22     -22974.9       1.686       0.341       1.318       2   1.21093
        3  22     -23009.6       1.644       0.340       1.450       2   1.21585
        4  22     -22968.6       1.701       0.359       1.382       2   1.21131
        5   8      -2034.6       0.761      -0.158       3.757       1   0.88902
        6   8      -2036.1       0.775      -0.182       3.761       1   0.88303
        7   8      -2028.9       0.764      -0.163       3.722       1   0.88783
        8   8      -2037.7       0.720      -0.165       3.779       1   0.89454
        9   8      -2032.6       0.737      -0.185       3.704       1   0.88862
       10   8      -2045.7       0.726      -0.206       3.874       1   0.88702
       11   8      -2030.5       0.769      -0.166       3.736       1   0.88646
       12   8      -2029.8       0.697      -0.193       3.584       1   0.89379

 Cycle  16,  Fermi energy = -10.527 eV, Occupancy val abs =  1.570

 Cycle  16: Total energy =      -433094.6 eV, Delta energy =    327.645 >   4.800 eV
             Delta ch (  4) = 0.525, Ch =  2.226, Ch_p =  1.701, Weight = 0.02500, Mod_p =  0

      ipr   Z   Energy_Tot      Charge     Ch-Ch_i  pop_orb_val(L)   L    Radius
        1  22     -23028.9       1.689       0.386       1.570       2   1.21591
        2  22     -22992.6       1.697       0.352       1.370       2   1.21093
        3  22     -23023.8       1.653       0.349       1.493       2   1.21585
        4  22     -22979.0       1.714       0.372       1.420       2   1.21131
        5   8      -2030.4       0.756      -0.164       3.723       1   0.88902
        6   8      -2033.5       0.769      -0.188       3.740       1   0.88303
        7   8      -2026.8       0.760      -0.167       3.705       1   0.88783
        8   8      -2033.9       0.715      -0.170       3.748       1   0.89454
        9   8      -2028.3       0.732      -0.190       3.668       1   0.88862
       10   8      -2042.0       0.719      -0.213       3.845       1   0.88702
       11   8      -2026.3       0.764      -0.171       3.701       1   0.88646
       12   8      -2028.2       0.692      -0.198       3.571       1   0.89379

 Cycle  17,  Fermi energy = -10.446 eV, Occupancy val abs =  1.605

 Cycle  17: Total energy =      -433190.9 eV, Delta energy =    280.431 >   4.800 eV
             Delta ch (  4) = 0.474, Ch =  2.188, Ch_p =  1.714, Weight = 0.02500, Mod_p =  0

      ipr   Z   Energy_Tot      Charge     Ch-Ch_i  pop_orb_val(L)   L    Radius
        1  22     -23040.3       1.698       0.394       1.605       2   1.21591
        2  22     -23005.8       1.707       0.362       1.412       2   1.21093
        3  22     -23036.2       1.661       0.357       1.531       2   1.21585
        4  22     -22989.2       1.726       0.384       1.455       2   1.21131
        5   8      -2027.5       0.751      -0.168       3.699       1   0.88902
        6   8      -2030.8       0.763      -0.193       3.718       1   0.88303
        7   8      -2024.7       0.756      -0.171       3.689       1   0.88783
        8   8      -2030.9       0.711      -0.174       3.724       1   0.89454
        9   8      -2025.1       0.728      -0.194       3.641       1   0.88862
       10   8      -2038.7       0.712      -0.219       3.819       1   0.88702
       11   8      -2023.2       0.761      -0.175       3.675       1   0.88646
       12   8      -2025.5       0.688      -0.202       3.548       1   0.89379

 Cycle  18,  Fermi energy = -10.374 eV, Occupancy val abs =  1.636

 Cycle  18: Total energy =      -433272.5 eV, Delta energy =    244.048 >   4.800 eV
             Delta ch (  4) = 0.426, Ch =  2.152, Ch_p =  1.726, Weight = 0.02500, Mod_p =  0

      ipr   Z   Energy_Tot      Charge     Ch-Ch_i  pop_orb_val(L)   L    Radius
        1  22     -23049.9       1.705       0.401       1.636       2   1.21591
        2  22     -23017.4       1.716       0.370       1.451       2   1.21093
        3  22     -23046.3       1.668       0.364       1.564       2   1.21585
        4  22     -22998.5       1.737       0.395       1.487       2   1.21131
        5   8      -2025.0       0.747      -0.172       3.679       1   0.88902
        6   8      -2028.4       0.758      -0.198       3.699       1   0.88303
        7   8      -2022.7       0.752      -0.175       3.673       1   0.88783
        8   8      -2028.3       0.707      -0.178       3.703       1   0.89454
        9   8      -2022.3       0.724      -0.198       3.618       1   0.88862
       10   8      -2035.7       0.706      -0.225       3.796       1   0.88702
       11   8      -2020.5       0.757      -0.178       3.654       1   0.88646
       12   8      -2023.0       0.684      -0.206       3.528       1   0.89379

 Cycle  19,  Fermi energy = -10.308 eV, Occupancy val abs =  1.655

 Cycle  19: Total energy =      -433338.5 eV, Delta energy =    202.980 >   4.800 eV
             Delta ch (  4) = 0.380, Ch =  2.117, Ch_p =  1.737, Weight = 0.02500, Mod_p =  0

      ipr   Z   Energy_Tot      Charge     Ch-Ch_i  pop_orb_val(L)   L    Radius
        1  22     -23054.2       1.711       0.407       1.655       2   1.21591
        2  22     -23028.4       1.723       0.378       1.487       2   1.21093
        3  22     -23055.4       1.673       0.369       1.593       2   1.21585
        4  22     -23007.7       1.746       0.404       1.517       2   1.21131
        5   8      -2023.1       0.744      -0.175       3.664       1   0.88902
        6   8      -2026.3       0.754      -0.202       3.682       1   0.88303
        7   8      -2020.9       0.749      -0.178       3.659       1   0.88783
        8   8      -2026.1       0.704      -0.181       3.686       1   0.89454
        9   8      -2020.0       0.721      -0.201       3.599       1   0.88862
       10   8      -2033.0       0.701      -0.230       3.774       1   0.88702
       11   8      -2018.4       0.755      -0.180       3.637       1   0.88646
       12   8      -2021.0       0.681      -0.209       3.512       1   0.89379

 Cycle  20,  Fermi energy = -10.249 eV, Occupancy val abs =  1.682

 Cycle  20: Total energy =      -433398.5 eV, Delta energy =    187.578 >   4.800 eV
             Delta ch (  4) = 0.336, Ch =  2.082, Ch_p =  1.746, Weight = 0.02500, Mod_p =  0

      ipr   Z   Energy_Tot      Charge     Ch-Ch_i  pop_orb_val(L)   L    Radius
        1  22     -23062.6       1.716       0.413       1.682       2   1.21591
        2  22     -23038.3       1.729       0.383       1.519       2   1.21093
        3  22     -23059.1       1.678       0.374       1.610       2   1.21585
        4  22     -23016.7       1.755       0.413       1.545       2   1.21131
        5   8      -2021.3       0.741      -0.178       3.650       1   0.88902
        6   8      -2024.1       0.750      -0.206       3.665       1   0.88303
        7   8      -2019.2       0.746      -0.181       3.646       1   0.88783
        8   8      -2024.3       0.701      -0.184       3.671       1   0.89454
        9   8      -2017.9       0.718      -0.203       3.582       1   0.88862
       10   8      -2030.5       0.697      -0.235       3.754       1   0.88702
       11   8      -2016.6       0.752      -0.183       3.623       1   0.88646
       12   8      -2019.0       0.678      -0.212       3.495       1   0.89379

 Cycle  21,  Fermi energy = -10.195 eV, Occupancy val abs =  1.695

 Cycle  21: Total energy =      -433452.2 eV, Delta energy =    170.017 >   4.800 eV
             Delta ch (  4) = 0.292, Ch =  2.046, Ch_p =  1.755, Weight = 0.02500, Mod_p =  0

      ipr   Z   Energy_Tot      Charge     Ch-Ch_i  pop_orb_val(L)   L    Radius
        1  22     -23065.3       1.721       0.417       1.695       2   1.21591
        2  22     -23047.1       1.734       0.388       1.547       2   1.21093
        3  22     -23066.4       1.682       0.378       1.633       2   1.21585
        4  22     -23025.9       1.762       0.420       1.570       2   1.21131
        5   8      -2019.6       0.738      -0.181       3.637       1   0.88902
        6   8      -2021.9       0.747      -0.209       3.647       1   0.88303
        7   8      -2017.6       0.744      -0.183       3.633       1   0.88783
        8   8      -2022.5       0.698      -0.187       3.657       1   0.89454
        9   8      -2016.3       0.716      -0.206       3.570       1   0.88862
       10   8      -2028.3       0.693      -0.238       3.737       1   0.88702
       11   8      -2015.1       0.750      -0.185       3.611       1   0.88646
       12   8      -2017.0       0.675      -0.215       3.478       1   0.89379

 Cycle  22,  Fermi energy = -10.144 eV, Occupancy val abs =  1.719

 Cycle  22: Total energy =      -433480.8 eV, Delta energy =    105.975 >   4.800 eV
             Delta ch (  4) = 0.268, Ch =  2.030, Ch_p =  1.762, Weight = 0.02500, Mod_p =  0

      ipr   Z   Energy_Tot      Charge     Ch-Ch_i  pop_orb_val(L)   L    Radius
        1  22     -23072.6       1.725       0.421       1.719       2   1.21591
        2  22     -23050.3       1.738       0.393       1.561       2   1.21093
        3  22     -23068.6       1.685       0.381       1.644       2   1.21585
        4  22     -23030.0       1.769       0.427       1.588       2   1.21131
        5   8      -2018.6       0.736      -0.183       3.629       1   0.88902
        6   8      -2020.4       0.744      -0.212       3.635       1   0.88303
        7   8      -2016.4       0.742      -0.185       3.625       1   0.88783
        8   8      -2021.5       0.696      -0.189       3.650       1   0.89454
        9   8      -2015.1       0.714      -0.207       3.560       1   0.88862
       10   8      -2026.3       0.690      -0.242       3.722       1   0.88702
       11   8      -2014.2       0.749      -0.186       3.605       1   0.88646
       12   8      -2016.2       0.673      -0.217       3.472       1   0.89379

 Cycle  23,  Fermi energy = -10.097 eV, Occupancy val abs =  1.727

 Cycle  23: Total energy =      -433507.0 eV, Delta energy =     94.869 >   4.800 eV
             Delta ch (  4) = 0.226, Ch =  1.995, Ch_p =  1.769, Weight = 0.02500, Mod_p =  0

      ipr   Z   Energy_Tot      Charge     Ch-Ch_i  pop_orb_val(L)   L    Radius
        1  22     -23074.2       1.728       0.425       1.727       2   1.21591
        2  22     -23053.2       1.742       0.397       1.573       2   1.21093
        3  22     -23070.6       1.689       0.385       1.654       2   1.21585
        4  22     -23038.7       1.774       0.432       1.610       2   1.21131
        5   8      -2017.6       0.734      -0.186       3.622       1   0.88902
        6   8      -2019.1       0.741      -0.215       3.626       1   0.88303
        7   8      -2015.4       0.740      -0.187       3.617       1   0.88783
        8   8      -2020.3       0.694      -0.191       3.641       1   0.89454
        9   8      -2014.3       0.712      -0.209       3.554       1   0.88862
       10   8      -2024.8       0.687      -0.245       3.710       1   0.88702
       11   8      -2013.2       0.747      -0.188       3.598       1   0.88646
       12   8      -2015.4       0.671      -0.219       3.466       1   0.89379

 Cycle  24,  Fermi energy = -10.054 eV, Occupancy val abs =  1.734

 Cycle  24: Total energy =      -433533.0 eV, Delta energy =     97.895 >   4.800 eV
             Delta ch (  4) = 0.210, Ch =  1.984, Ch_p =  1.774, Weight = 0.02500, Mod_p =  0

      ipr   Z   Energy_Tot      Charge     Ch-Ch_i  pop_orb_val(L)   L    Radius
        1  22     -23075.4       1.732       0.428       1.734       2   1.21591
        2  22     -23059.3       1.745       0.400       1.592       2   1.21093
        3  22     -23076.1       1.691       0.387       1.670       2   1.21585
        4  22     -23041.3       1.779       0.438       1.622       2   1.21131
        5   8      -2016.3       0.732      -0.187       3.612       1   0.88902
        6   8      -2017.6       0.739      -0.217       3.614       1   0.88303
        7   8      -2014.4       0.738      -0.189       3.610       1   0.88783
        8   8      -2019.2       0.693      -0.192       3.633       1   0.89454
        9   8      -2013.5       0.711      -0.211       3.548       1   0.88862
       10   8      -2023.4       0.684      -0.247       3.699       1   0.88702
       11   8      -2012.4       0.746      -0.189       3.592       1   0.88646
       12   8      -2014.3       0.670      -0.220       3.458       1   0.89379

 Cycle  25,  Fermi energy = -10.015 eV, Occupancy val abs =  1.753

 Cycle  25: Total energy =      -433550.7 eV, Delta energy =     75.890 >   4.800 eV
             Delta ch (  4) = 0.193, Ch =  1.972, Ch_p =  1.779, Weight = 0.02500, Mod_p =  0

      ipr   Z   Energy_Tot      Charge     Ch-Ch_i  pop_orb_val(L)   L    Radius
        1  22     -23081.5       1.734       0.431       1.753       2   1.21591
        2  22     -23061.1       1.748       0.403       1.600       2   1.21093
        3  22     -23077.2       1.693       0.390       1.676       2   1.21585
        4  22     -23044.1       1.784       0.442       1.633       2   1.21131
        5   8      -2015.6       0.730      -0.189       3.607       1   0.88902
        6   8      -2016.6       0.737      -0.219       3.607       1   0.88303
        7   8      -2013.5       0.737      -0.190       3.604       1   0.88783
        8   8      -2018.4       0.691      -0.194       3.627       1   0.89454
        9   8      -2012.4       0.709      -0.212       3.540       1   0.88862
       10   8      -2022.0       0.682      -0.250       3.689       1   0.88702
       11   8      -2011.7       0.745      -0.190       3.587       1   0.88646
       12   8      -2013.6       0.668      -0.222       3.453       1   0.89379

 Cycle  26,  Fermi energy =  -9.979 eV, Occupancy val abs =  1.757

 Cycle  26: Total energy =      -433567.1 eV, Delta energy =     67.773 >   4.800 eV
             Delta ch (  4) = 0.156, Ch =  1.940, Ch_p =  1.784, Weight = 0.02500, Mod_p =  0

      ipr   Z   Energy_Tot      Charge     Ch-Ch_i  pop_orb_val(L)   L    Radius
        1  22     -23082.0       1.737       0.433       1.757       2   1.21591
        2  22     -23062.4       1.751       0.406       1.606       2   1.21093
        3  22     -23078.0       1.696       0.392       1.681       2   1.21585
        4  22     -23051.9       1.788       0.446       1.651       2   1.21131
        5   8      -2014.8       0.729      -0.190       3.601       1   0.88902
        6   8      -2015.8       0.735      -0.221       3.601       1   0.88303
        7   8      -2012.7       0.736      -0.191       3.598       1   0.88783
        8   8      -2017.5       0.690      -0.195       3.621       1   0.89454
        9   8      -2011.8       0.708      -0.213       3.536       1   0.88862
       10   8      -2020.9       0.680      -0.252       3.681       1   0.88702
       11   8      -2010.9       0.744      -0.191       3.581       1   0.88646
       12   8      -2012.9       0.667      -0.223       3.448       1   0.89379

 Cycle  27,  Fermi energy =  -9.943 eV, Occupancy val abs =  1.761

 Cycle  27: Total energy =      -433567.6 eV, Delta energy =     27.407 >   4.800 eV
             Delta ch (  4) = 0.146, Ch =  1.934, Ch_p =  1.788, Weight = 0.02500, Mod_p =  0

      ipr   Z   Energy_Tot      Charge     Ch-Ch_i  pop_orb_val(L)   L    Radius
        1  22     -23082.4       1.739       0.436       1.761       2   1.21591
        2  22     -23063.7       1.753       0.408       1.613       2   1.21093
        3  22     -23078.6       1.698       0.394       1.685       2   1.21585
        4  22     -23053.2       1.792       0.450       1.658       2   1.21131
        5   8      -2014.2       0.727      -0.192       3.598       1   0.88902
        6   8      -2015.0       0.734      -0.222       3.596       1   0.88303
        7   8      -2012.3       0.735      -0.192       3.596       1   0.88783
        8   8      -2017.0       0.689      -0.196       3.618       1   0.89454
        9   8      -2011.7       0.707      -0.214       3.536       1   0.88862
       10   8      -2020.2       0.678      -0.254       3.676       1   0.88702
       11   8      -2010.7       0.743      -0.192       3.581       1   0.88646
       12   8      -2012.8       0.666      -0.224       3.448       1   0.89379

 Cycle  28,  Fermi energy =  -9.909 eV, Occupancy val abs =  1.764

 Cycle  28: Total energy =      -433567.0 eV, Delta energy =     23.816 >   4.800 eV
             Delta ch (  4) = 0.136, Ch =  1.928, Ch_p =  1.792, Weight = 0.02500, Mod_p =  0

      ipr   Z   Energy_Tot      Charge     Ch-Ch_i  pop_orb_val(L)   L    Radius
        1  22     -23082.7       1.741       0.438       1.764       2   1.21591
        2  22     -23064.6       1.756       0.411       1.618       2   1.21093
        3  22     -23079.1       1.700       0.396       1.688       2   1.21585
        4  22     -23054.3       1.795       0.453       1.663       2   1.21131
        5   8      -2013.8       0.726      -0.193       3.595       1   0.88902
        6   8      -2014.5       0.732      -0.224       3.593       1   0.88303
        7   8      -2012.0       0.734      -0.193       3.594       1   0.88783
        8   8      -2016.7       0.688      -0.198       3.616       1   0.89454
        9   8      -2011.4       0.706      -0.215       3.535       1   0.88862
       10   8      -2019.6       0.676      -0.255       3.672       1   0.88702
       11   8      -2010.5       0.742      -0.193       3.580       1   0.88646
       12   8      -2012.6       0.664      -0.226       3.448       1   0.89379

 Cycle  29,  Fermi energy =  -9.876 eV, Occupancy val abs =  1.766

 Cycle  29: Total energy =      -433565.2 eV, Delta energy =     19.927 >   4.800 eV
             Delta ch (  4) = 0.128, Ch =  1.923, Ch_p =  1.795, Weight = 0.02500, Mod_p =  0

      ipr   Z   Energy_Tot      Charge     Ch-Ch_i  pop_orb_val(L)   L    Radius
        1  22     -23082.9       1.743       0.440       1.766       2   1.21591
        2  22     -23065.4       1.758       0.413       1.622       2   1.21093
        3  22     -23079.5       1.701       0.397       1.691       2   1.21585
        4  22     -23055.2       1.798       0.457       1.668       2   1.21131
        5   8      -2013.5       0.725      -0.194       3.594       1   0.88902
        6   8      -2014.1       0.731      -0.225       3.590       1   0.88303
        7   8      -2011.6       0.733      -0.194       3.592       1   0.88783
        8   8      -2016.3       0.687      -0.199       3.614       1   0.89454
        9   8      -2011.2       0.705      -0.216       3.534       1   0.88862
       10   8      -2019.0       0.675      -0.257       3.668       1   0.88702
       11   8      -2010.2       0.741      -0.194       3.579       1   0.88646
       12   8      -2012.3       0.663      -0.227       3.447       1   0.89379

 Cycle  30,  Fermi energy =  -9.845 eV, Occupancy val abs =  1.768

 Cycle  30: Total energy =      -433562.3 eV, Delta energy =     16.387 >   4.800 eV
             Delta ch (  4) = 0.120, Ch =  1.919, Ch_p =  1.798, Weight = 0.02500, Mod_p =  0

      ipr   Z   Energy_Tot      Charge     Ch-Ch_i  pop_orb_val(L)   L    Radius
        1  22     -23083.0       1.745       0.442       1.768       2   1.21591
        2  22     -23065.9       1.760       0.415       1.625       2   1.21093
        3  22     -23079.7       1.703       0.399       1.694       2   1.21585
        4  22     -23056.0       1.801       0.460       1.672       2   1.21131
        5   8      -2013.3       0.724      -0.195       3.593       1   0.88902
        6   8      -2013.7       0.730      -0.227       3.588       1   0.88303
        7   8      -2011.3       0.732      -0.195       3.591       1   0.88783
        8   8      -2016.0       0.686      -0.200       3.613       1   0.89454
        9   8      -2010.9       0.704      -0.217       3.533       1   0.88862
       10   8      -2018.6       0.673      -0.258       3.666       1   0.88702
       11   8      -2010.0       0.740      -0.195       3.579       1   0.88646
       12   8      -2012.0       0.662      -0.228       3.446       1   0.89379

 Cycle  31,  Fermi energy =  -9.815 eV, Occupancy val abs =  1.770

 Cycle  31: Total energy =      -433558.0 eV, Delta energy =     12.842 >   4.800 eV
             Delta ch (  4) = 0.114, Ch =  1.915, Ch_p =  1.801, Weight = 0.02500, Mod_p =  0

      ipr   Z   Energy_Tot      Charge     Ch-Ch_i  pop_orb_val(L)   L    Radius
        1  22     -23083.1       1.747       0.444       1.770       2   1.21591
        2  22     -23066.4       1.762       0.417       1.628       2   1.21093
        3  22     -23079.7       1.705       0.401       1.696       2   1.21585
        4  22     -23056.6       1.804       0.462       1.676       2   1.21131
        5   8      -2013.0       0.723      -0.196       3.592       1   0.88902
        6   8      -2013.4       0.728      -0.228       3.587       1   0.88303
        7   8      -2011.0       0.731      -0.196       3.589       1   0.88783
        8   8      -2015.8       0.685      -0.200       3.612       1   0.89454
        9   8      -2010.7       0.703      -0.218       3.532       1   0.88862
       10   8      -2018.2       0.672      -0.260       3.663       1   0.88702
       11   8      -2009.8       0.739      -0.196       3.578       1   0.88646
       12   8      -2011.8       0.661      -0.229       3.445       1   0.89379

 Cycle  32,  Fermi energy =  -9.788 eV, Occupancy val abs =  1.772

 Cycle  32: Total energy =      -433561.2 eV, Delta energy =     31.491 >   4.800 eV
             Delta ch (  4) = 0.107, Ch =  1.911, Ch_p =  1.804, Weight = 0.02500, Mod_p =  0

      ipr   Z   Energy_Tot      Charge     Ch-Ch_i  pop_orb_val(L)   L    Radius
        1  22     -23083.1       1.749       0.445       1.772       2   1.21591
        2  22     -23069.9       1.763       0.418       1.636       2   1.21093
        3  22     -23079.9       1.706       0.402       1.698       2   1.21585
        4  22     -23057.2       1.807       0.465       1.679       2   1.21131
        5   8      -2012.6       0.722      -0.197       3.589       1   0.88902
        6   8      -2012.9       0.727      -0.229       3.583       1   0.88303
        7   8      -2010.7       0.730      -0.197       3.587       1   0.88783
        8   8      -2015.4       0.684      -0.201       3.609       1   0.89454
        9   8      -2010.3       0.702      -0.219       3.530       1   0.88862
       10   8      -2017.7       0.671      -0.261       3.660       1   0.88702
       11   8      -2009.5       0.739      -0.196       3.576       1   0.88646
       12   8      -2011.3       0.660      -0.230       3.441       1   0.89379

 Cycle  33,  Fermi energy =  -9.761 eV, Occupancy val abs =  1.773

 Cycle  33: Total energy =      -433555.4 eV, Delta energy =      8.862 >   4.800 eV
             Delta ch (  4) = 0.102, Ch =  1.909, Ch_p =  1.807, Weight = 0.02500, Mod_p =  0

      ipr   Z   Energy_Tot      Charge     Ch-Ch_i  pop_orb_val(L)   L    Radius
        1  22     -23083.1       1.750       0.447       1.773       2   1.21591
        2  22     -23069.7       1.765       0.420       1.637       2   1.21093
        3  22     -23079.9       1.707       0.403       1.699       2   1.21585
        4  22     -23057.6       1.809       0.468       1.682       2   1.21131
        5   8      -2012.5       0.721      -0.198       3.589       1   0.88902
        6   8      -2012.6       0.726      -0.230       3.582       1   0.88303
        7   8      -2010.4       0.729      -0.198       3.585       1   0.88783
        8   8      -2015.2       0.683      -0.202       3.609       1   0.89454
        9   8      -2010.2       0.702      -0.220       3.530       1   0.88862
       10   8      -2017.5       0.669      -0.262       3.659       1   0.88702
       11   8      -2009.4       0.738      -0.197       3.576       1   0.88646
       12   8      -2011.0       0.659      -0.231       3.440       1   0.89379

 Cycle  34,  Fermi energy =  -9.735 eV, Occupancy val abs =  1.774

 Cycle  34: Total energy =      -433548.7 eV, Delta energy =      8.825 >   4.800 eV
             Delta ch (  4) = 0.097, Ch =  1.906, Ch_p =  1.809, Weight = 0.02500, Mod_p =  0

      ipr   Z   Energy_Tot      Charge     Ch-Ch_i  pop_orb_val(L)   L    Radius
        1  22     -23082.8       1.752       0.449       1.774       2   1.21591
        2  22     -23069.4       1.766       0.421       1.637       2   1.21093
        3  22     -23079.8       1.709       0.405       1.700       2   1.21585
        4  22     -23057.8       1.812       0.470       1.684       2   1.21131
        5   8      -2012.3       0.720      -0.199       3.589       1   0.88902
        6   8      -2012.4       0.725      -0.231       3.582       1   0.88303
        7   8      -2010.1       0.729      -0.198       3.584       1   0.88783
        8   8      -2015.0       0.682      -0.203       3.608       1   0.89454
        9   8      -2010.0       0.701      -0.221       3.529       1   0.88862
       10   8      -2017.2       0.668      -0.263       3.658       1   0.88702
       11   8      -2009.2       0.737      -0.198       3.576       1   0.88646
       12   8      -2010.9       0.658      -0.232       3.440       1   0.89379

 Cycle  35,  Fermi energy =  -9.710 eV, Occupancy val abs =  1.775

 Cycle  35: Total energy =      -433542.3 eV, Delta energy =      7.967 >   4.800 eV
             Delta ch (  4) = 0.093, Ch =  1.904, Ch_p =  1.812, Weight = 0.02500, Mod_p =  0

      ipr   Z   Energy_Tot      Charge     Ch-Ch_i  pop_orb_val(L)   L    Radius
        1  22     -23082.7       1.754       0.450       1.775       2   1.21591
        2  22     -23069.2       1.767       0.422       1.637       2   1.21093
        3  22     -23079.7       1.710       0.406       1.701       2   1.21585
        4  22     -23058.0       1.814       0.472       1.686       2   1.21131
        5   8      -2012.2       0.719      -0.200       3.588       1   0.88902
        6   8      -2012.2       0.724      -0.232       3.581       1   0.88303
        7   8      -2009.9       0.728      -0.199       3.584       1   0.88783
        8   8      -2014.9       0.682      -0.203       3.608       1   0.89454
        9   8      -2009.9       0.700      -0.221       3.529       1   0.88862
       10   8      -2017.0       0.667      -0.264       3.657       1   0.88702
       11   8      -2009.1       0.737      -0.198       3.576       1   0.88646
       12   8      -2010.8       0.658      -0.232       3.440       1   0.89379

 Cycle  36,  Fermi energy =  -9.685 eV, Occupancy val abs =  1.776

 Cycle  36: Total energy =      -433535.6 eV, Delta energy =      7.484 >   4.800 eV
             Delta ch (  4) = 0.089, Ch =  1.903, Ch_p =  1.814, Weight = 0.02500, Mod_p =  0

      ipr   Z   Energy_Tot      Charge     Ch-Ch_i  pop_orb_val(L)   L    Radius
        1  22     -23082.5       1.755       0.452       1.776       2   1.21591
        2  22     -23068.9       1.769       0.423       1.638       2   1.21093
        3  22     -23079.6       1.711       0.407       1.702       2   1.21585
        4  22     -23058.1       1.816       0.475       1.688       2   1.21131
        5   8      -2012.0       0.718      -0.201       3.588       1   0.88902
        6   8      -2012.1       0.724      -0.233       3.581       1   0.88303
        7   8      -2009.8       0.728      -0.199       3.583       1   0.88783
        8   8      -2014.7       0.681      -0.204       3.608       1   0.89454
        9   8      -2009.8       0.699      -0.222       3.529       1   0.88862
       10   8      -2016.8       0.666      -0.265       3.657       1   0.88702
       11   8      -2009.0       0.736      -0.199       3.576       1   0.88646
       12   8      -2010.7       0.657      -0.233       3.440       1   0.89379

 Cycle  37,  Fermi energy =  -9.662 eV, Occupancy val abs =  1.776

 Cycle  37: Total energy =      -433528.9 eV, Delta energy =      7.100 >   4.800 eV
             Delta ch (  4) = 0.085, Ch =  1.901, Ch_p =  1.816, Weight = 0.02500, Mod_p =  0

      ipr   Z   Energy_Tot      Charge     Ch-Ch_i  pop_orb_val(L)   L    Radius
        1  22     -23082.2       1.756       0.453       1.776       2   1.21591
        2  22     -23068.6       1.770       0.425       1.638       2   1.21093
        3  22     -23079.4       1.712       0.409       1.702       2   1.21585
        4  22     -23058.2       1.819       0.477       1.689       2   1.21131
        5   8      -2011.9       0.718      -0.202       3.588       1   0.88902
        6   8      -2011.9       0.723      -0.234       3.580       1   0.88303
        7   8      -2009.6       0.727      -0.200       3.583       1   0.88783
        8   8      -2014.6       0.680      -0.205       3.608       1   0.89454
        9   8      -2009.6       0.699      -0.223       3.529       1   0.88862
       10   8      -2016.7       0.665      -0.266       3.656       1   0.88702
       11   8      -2008.9       0.735      -0.200       3.576       1   0.88646
       12   8      -2010.6       0.656      -0.234       3.440       1   0.89379

 Cycle  38,  Fermi energy =  -9.639 eV, Occupancy val abs =  1.777

 Cycle  38: Total energy =      -433522.1 eV, Delta energy =      6.792 >   4.800 eV
             Delta ch (  4) = 0.082, Ch =  1.900, Ch_p =  1.819, Weight = 0.02500, Mod_p =  0

      ipr   Z   Energy_Tot      Charge     Ch-Ch_i  pop_orb_val(L)   L    Radius
        1  22     -23082.0       1.758       0.454       1.777       2   1.21591
        2  22     -23068.3       1.771       0.426       1.638       2   1.21093
        3  22     -23079.2       1.714       0.410       1.703       2   1.21585
        4  22     -23058.2       1.821       0.479       1.691       2   1.21131
        5   8      -2011.7       0.717      -0.202       3.588       1   0.88902
        6   8      -2011.8       0.722      -0.234       3.580       1   0.88303
        7   8      -2009.5       0.726      -0.201       3.583       1   0.88783
        8   8      -2014.5       0.680      -0.205       3.608       1   0.89454
        9   8      -2009.5       0.698      -0.224       3.529       1   0.88862
       10   8      -2016.5       0.664      -0.267       3.656       1   0.88702
       11   8      -2008.8       0.735      -0.200       3.576       1   0.88646
       12   8      -2010.5       0.655      -0.235       3.440       1   0.89379

 Cycle  39,  Fermi energy =  -9.617 eV, Occupancy val abs =  1.777

 Cycle  39: Total energy =      -433514.8 eV, Delta energy =      7.306 >   4.800 eV
             Delta ch (  4) = 0.079, Ch =  1.899, Ch_p =  1.821, Weight = 0.02500, Mod_p =  0

      ipr   Z   Energy_Tot      Charge     Ch-Ch_i  pop_orb_val(L)   L    Radius
        1  22     -23081.7       1.759       0.456       1.777       2   1.21591
        2  22     -23068.1       1.772       0.427       1.638       2   1.21093
        3  22     -23079.0       1.715       0.411       1.703       2   1.21585
        4  22     -23058.0       1.823       0.481       1.692       2   1.21131
        5   8      -2011.6       0.716      -0.203       3.588       1   0.88902
        6   8      -2011.6       0.721      -0.235       3.580       1   0.88303
        7   8      -2009.4       0.726      -0.201       3.583       1   0.88783
        8   8      -2014.4       0.679      -0.206       3.608       1   0.89454
        9   8      -2009.4       0.697      -0.224       3.529       1   0.88862
       10   8      -2016.4       0.663      -0.268       3.655       1   0.88702
       11   8      -2008.7       0.734      -0.201       3.576       1   0.88646
       12   8      -2010.4       0.655      -0.235       3.440       1   0.89379

 Cycle  40,  Fermi energy =  -9.596 eV, Occupancy val abs =  1.777

 Cycle  40: Total energy =      -433508.1 eV, Delta energy =      6.688 >   4.800 eV
             Delta ch (  4) = 0.076, Ch =  1.898, Ch_p =  1.823, Weight = 0.02500, Mod_p =  0

      ipr   Z   Energy_Tot      Charge     Ch-Ch_i  pop_orb_val(L)   L    Radius
        1  22     -23081.5       1.760       0.457       1.777       2   1.21591
        2  22     -23067.8       1.773       0.428       1.638       2   1.21093
        3  22     -23078.8       1.716       0.412       1.703       2   1.21585
        4  22     -23057.9       1.824       0.483       1.693       2   1.21131
        5   8      -2011.5       0.715      -0.204       3.588       1   0.88902
        6   8      -2011.5       0.720      -0.236       3.580       1   0.88303
        7   8      -2009.3       0.725      -0.202       3.583       1   0.88783
        8   8      -2014.2       0.678      -0.207       3.607       1   0.89454
        9   8      -2009.3       0.697      -0.225       3.529       1   0.88862
       10   8      -2016.2       0.662      -0.269       3.655       1   0.88702
       11   8      -2008.6       0.734      -0.201       3.576       1   0.88646
       12   8      -2010.3       0.654      -0.236       3.440       1   0.89379

 Cycle  41,  Fermi energy =  -9.574 eV, Occupancy val abs =  1.778

 Cycle  41: Total energy =      -433495.0 eV, Delta energy =     17.841 >   4.800 eV
             Delta ch (  4) = 0.073, Ch =  1.897, Ch_p =  1.824, Weight = 0.02500, Mod_p =  0

      ipr   Z   Energy_Tot      Charge     Ch-Ch_i  pop_orb_val(L)   L    Radius
        1  22     -23081.3       1.762       0.458       1.778       2   1.21591
        2  22     -23064.3       1.775       0.430       1.632       2   1.21093
        3  22     -23078.6       1.717       0.413       1.704       2   1.21585
        4  22     -23057.9       1.826       0.484       1.694       2   1.21131
        5   8      -2011.6       0.715      -0.205       3.589       1   0.88902
        6   8      -2011.6       0.719      -0.237       3.582       1   0.88303
        7   8      -2009.4       0.725      -0.202       3.584       1   0.88783
        8   8      -2014.3       0.678      -0.207       3.609       1   0.89454
        9   8      -2009.4       0.696      -0.225       3.531       1   0.88862
       10   8      -2016.2       0.662      -0.270       3.656       1   0.88702
       11   8      -2008.7       0.733      -0.202       3.577       1   0.88646
       12   8      -2010.5       0.653      -0.237       3.443       1   0.89379

 Cycle  42,  Fermi energy =  -9.554 eV, Occupancy val abs =  1.778

 Cycle  42: Total energy =      -433488.9 eV, Delta energy =      7.268 >   4.800 eV
             Delta ch (  4) = 0.071, Ch =  1.897, Ch_p =  1.826, Weight = 0.02500, Mod_p =  0

      ipr   Z   Energy_Tot      Charge     Ch-Ch_i  pop_orb_val(L)   L    Radius
        1  22     -23080.9       1.763       0.459       1.778       2   1.21591
        2  22     -23064.4       1.776       0.431       1.634       2   1.21093
        3  22     -23078.4       1.718       0.414       1.704       2   1.21585
        4  22     -23057.7       1.828       0.486       1.695       2   1.21131
        5   8      -2011.4       0.714      -0.205       3.588       1   0.88902
        6   8      -2011.5       0.719      -0.238       3.582       1   0.88303
        7   8      -2009.4       0.724      -0.203       3.585       1   0.88783
        8   8      -2014.2       0.677      -0.208       3.609       1   0.89454
        9   8      -2009.3       0.695      -0.226       3.530       1   0.88862
       10   8      -2016.1       0.661      -0.271       3.655       1   0.88702
       11   8      -2008.5       0.733      -0.202       3.577       1   0.88646
       12   8      -2010.5       0.652      -0.238       3.444       1   0.89379

 Cycle  43,  Fermi energy =  -9.534 eV, Occupancy val abs =  1.778

 Cycle  43: Total energy =      -433482.9 eV, Delta energy =      6.531 >   4.800 eV
             Delta ch (  4) = 0.069, Ch =  1.897, Ch_p =  1.828, Weight = 0.02500, Mod_p =  0

      ipr   Z   Energy_Tot      Charge     Ch-Ch_i  pop_orb_val(L)   L    Radius
        1  22     -23080.6       1.764       0.461       1.778       2   1.21591
        2  22     -23064.5       1.777       0.432       1.635       2   1.21093
        3  22     -23078.1       1.719       0.415       1.704       2   1.21585
        4  22     -23057.5       1.830       0.488       1.695       2   1.21131
        5   8      -2011.3       0.713      -0.206       3.588       1   0.88902
        6   8      -2011.4       0.718      -0.238       3.582       1   0.88303
        7   8      -2009.3       0.724      -0.203       3.585       1   0.88783
        8   8      -2014.1       0.677      -0.208       3.609       1   0.89454
        9   8      -2009.2       0.695      -0.227       3.530       1   0.88862
       10   8      -2016.0       0.660      -0.272       3.655       1   0.88702
       11   8      -2008.4       0.732      -0.203       3.577       1   0.88646
       12   8      -2010.4       0.652      -0.238       3.443       1   0.89379

 Cycle  44,  Fermi energy =  -9.515 eV, Occupancy val abs =  1.778

 Cycle  44: Total energy =      -433477.1 eV, Delta energy =      6.080 >   4.800 eV
             Delta ch (  4) = 0.067, Ch =  1.896, Ch_p =  1.830, Weight = 0.02500, Mod_p =  0

      ipr   Z   Energy_Tot      Charge     Ch-Ch_i  pop_orb_val(L)   L    Radius
        1  22     -23080.3       1.765       0.462       1.778       2   1.21591
        2  22     -23064.5       1.779       0.434       1.636       2   1.21093
        3  22     -23077.9       1.720       0.416       1.704       2   1.21585
        4  22     -23057.4       1.831       0.490       1.696       2   1.21131
        5   8      -2011.2       0.713      -0.207       3.588       1   0.88902
        6   8      -2011.3       0.717      -0.239       3.582       1   0.88303
        7   8      -2009.3       0.723      -0.204       3.585       1   0.88783
        8   8      -2014.0       0.676      -0.209       3.608       1   0.89454
        9   8      -2009.1       0.694      -0.227       3.530       1   0.88862
       10   8      -2015.9       0.659      -0.272       3.655       1   0.88702
       11   8      -2008.3       0.732      -0.204       3.577       1   0.88646
       12   8      -2010.3       0.651      -0.239       3.443       1   0.89379

 Cycle  45,  Fermi energy =  -9.496 eV, Occupancy val abs =  1.778

 Cycle  45: Total energy =      -433471.3 eV, Delta energy =      5.786 >   4.800 eV
             Delta ch (  4) = 0.065, Ch =  1.896, Ch_p =  1.831, Weight = 0.02500, Mod_p =  0

      ipr   Z   Energy_Tot      Charge     Ch-Ch_i  pop_orb_val(L)   L    Radius
        1  22     -23080.0       1.766       0.463       1.778       2   1.21591
        2  22     -23064.5       1.780       0.435       1.637       2   1.21093
        3  22     -23077.6       1.721       0.417       1.704       2   1.21585
        4  22     -23057.2       1.833       0.491       1.696       2   1.21131
        5   8      -2011.1       0.712      -0.207       3.588       1   0.88902
        6   8      -2011.2       0.716      -0.240       3.582       1   0.88303
        7   8      -2009.2       0.723      -0.204       3.585       1   0.88783
        8   8      -2013.9       0.676      -0.210       3.608       1   0.89454
        9   8      -2009.0       0.694      -0.228       3.530       1   0.88862
       10   8      -2015.8       0.658      -0.273       3.655       1   0.88702
       11   8      -2008.2       0.731      -0.204       3.577       1   0.88646
       12   8      -2010.2       0.650      -0.240       3.443       1   0.89379

 Cycle  46,  Fermi energy =  -9.478 eV, Occupancy val abs =  1.778

 Cycle  46: Total energy =      -433465.6 eV, Delta energy =      5.714 >   4.800 eV
             Delta ch (  4) = 0.063, Ch =  1.896, Ch_p =  1.833, Weight = 0.02500, Mod_p =  0

      ipr   Z   Energy_Tot      Charge     Ch-Ch_i  pop_orb_val(L)   L    Radius
        1  22     -23079.7       1.767       0.464       1.778       2   1.21591
        2  22     -23064.5       1.781       0.436       1.638       2   1.21093
        3  22     -23077.4       1.722       0.418       1.705       2   1.21585
        4  22     -23057.0       1.835       0.493       1.697       2   1.21131
        5   8      -2011.0       0.711      -0.208       3.588       1   0.88902
        6   8      -2011.1       0.716      -0.240       3.582       1   0.88303
        7   8      -2009.1       0.722      -0.205       3.585       1   0.88783
        8   8      -2013.8       0.675      -0.210       3.608       1   0.89454
        9   8      -2008.9       0.693      -0.228       3.530       1   0.88862
       10   8      -2015.7       0.658      -0.274       3.655       1   0.88702
       11   8      -2008.1       0.731      -0.204       3.577       1   0.88646
       12   8      -2010.1       0.650      -0.240       3.443       1   0.89379

 Cycle  47,  Fermi energy =  -9.461 eV, Occupancy val abs =  1.778

 Cycle  47: Total energy =      -433460.0 eV, Delta energy =      5.635 >   4.800 eV
             Delta ch (  4) = 0.061, Ch =  1.896, Ch_p =  1.835, Weight = 0.02500, Mod_p =  0

      ipr   Z   Energy_Tot      Charge     Ch-Ch_i  pop_orb_val(L)   L    Radius
        1  22     -23079.5       1.769       0.465       1.778       2   1.21591
        2  22     -23064.4       1.782       0.437       1.638       2   1.21093
        3  22     -23077.1       1.722       0.418       1.705       2   1.21585
        4  22     -23056.8       1.836       0.494       1.697       2   1.21131
        5   8      -2010.9       0.711      -0.208       3.588       1   0.88902
        6   8      -2011.0       0.715      -0.241       3.582       1   0.88303
        7   8      -2009.0       0.722      -0.205       3.585       1   0.88783
        8   8      -2013.7       0.675      -0.211       3.608       1   0.89454
        9   8      -2008.8       0.693      -0.229       3.530       1   0.88862
       10   8      -2015.6       0.657      -0.275       3.655       1   0.88702
       11   8      -2008.1       0.730      -0.205       3.577       1   0.88646
       12   8      -2010.0       0.649      -0.241       3.443       1   0.89379

 Cycle  48,  Fermi energy =  -9.444 eV, Occupancy val abs =  1.778

 Cycle  48: Total energy =      -433453.9 eV, Delta energy =      6.011 >   4.800 eV
             Delta ch (  4) = 0.059, Ch =  1.895, Ch_p =  1.836, Weight = 0.02500, Mod_p =  0

      ipr   Z   Energy_Tot      Charge     Ch-Ch_i  pop_orb_val(L)   L    Radius
        1  22     -23079.2       1.770       0.466       1.778       2   1.21591
        2  22     -23064.2       1.783       0.438       1.639       2   1.21093
        3  22     -23076.9       1.723       0.419       1.705       2   1.21585
        4  22     -23056.6       1.838       0.496       1.697       2   1.21131
        5   8      -2010.8       0.710      -0.209       3.588       1   0.88902
        6   8      -2011.0       0.714      -0.242       3.582       1   0.88303
        7   8      -2009.0       0.721      -0.206       3.585       1   0.88783
        8   8      -2013.6       0.674      -0.211       3.608       1   0.89454
        9   8      -2008.8       0.692      -0.229       3.530       1   0.88862
       10   8      -2015.5       0.656      -0.275       3.655       1   0.88702
       11   8      -2008.0       0.730      -0.205       3.577       1   0.88646
       12   8      -2009.9       0.648      -0.242       3.443       1   0.89379

 Cycle  49,  Fermi energy =  -9.428 eV, Occupancy val abs =  1.778

 Cycle  49: Total energy =      -433448.5 eV, Delta energy =      5.449 >   4.800 eV
             Delta ch (  4) = 0.058, Ch =  1.895, Ch_p =  1.838, Weight = 0.02500, Mod_p =  0

      ipr   Z   Energy_Tot      Charge     Ch-Ch_i  pop_orb_val(L)   L    Radius
        1  22     -23078.9       1.771       0.467       1.778       2   1.21591
        2  22     -23064.1       1.784       0.439       1.639       2   1.21093
        3  22     -23076.7       1.724       0.420       1.705       2   1.21585
        4  22     -23056.4       1.839       0.497       1.698       2   1.21131
        5   8      -2010.7       0.710      -0.210       3.588       1   0.88902
        6   8      -2010.9       0.714      -0.242       3.582       1   0.88303
        7   8      -2008.9       0.721      -0.206       3.585       1   0.88783
        8   8      -2013.5       0.674      -0.211       3.608       1   0.89454
        9   8      -2008.7       0.692      -0.230       3.530       1   0.88862
       10   8      -2015.5       0.656      -0.276       3.655       1   0.88702
       11   8      -2007.9       0.729      -0.206       3.577       1   0.88646
       12   8      -2009.8       0.648      -0.242       3.443       1   0.89379

 Cycle  50,  Fermi energy =  -9.413 eV, Occupancy val abs =  1.778

 Cycle  50: Total energy =      -433443.2 eV, Delta energy =      5.343 >   4.800 eV
             Delta ch (  4) = 0.056, Ch =  1.895, Ch_p =  1.839, Weight = 0.02500, Mod_p =  0

      ipr   Z   Energy_Tot      Charge     Ch-Ch_i  pop_orb_val(L)   L    Radius
        1  22     -23078.7       1.772       0.468       1.778       2   1.21591
        2  22     -23064.0       1.785       0.440       1.640       2   1.21093
        3  22     -23076.4       1.725       0.421       1.705       2   1.21585
        4  22     -23056.2       1.840       0.499       1.698       2   1.21131
        5   8      -2010.7       0.709      -0.210       3.588       1   0.88902
        6   8      -2010.8       0.713      -0.243       3.582       1   0.88303
        7   8      -2008.8       0.721      -0.206       3.585       1   0.88783
        8   8      -2013.5       0.673      -0.212       3.608       1   0.89454
        9   8      -2008.6       0.691      -0.230       3.530       1   0.88862
       10   8      -2015.4       0.655      -0.277       3.655       1   0.88702
       11   8      -2007.9       0.729      -0.206       3.577       1   0.88646
       12   8      -2009.8       0.647      -0.243       3.443       1   0.89379

 Cycle  51,  Fermi energy =  -9.399 eV, Occupancy val abs =  1.778

 Cycle  51: Total energy =      -433444.7 eV, Delta energy =     24.279 >   4.800 eV
             Delta ch (  4) = 0.055, Ch =  1.895, Ch_p =  1.840, Weight = 0.02500, Mod_p =  0
                                                            Next weight = 0.01250

      ipr   Z   Energy_Tot      Charge     Ch-Ch_i  pop_orb_val(L)   L    Radius
        1  22     -23078.4       1.772       0.468       1.778       2   1.21591
        2  22     -23067.2       1.786       0.440       1.647       2   1.21093
        3  22     -23076.1       1.725       0.421       1.705       2   1.21585
        4  22     -23056.0       1.841       0.499       1.698       2   1.21131
        5   8      -2010.4       0.709      -0.210       3.586       1   0.88902
        6   8      -2010.6       0.713      -0.243       3.580       1   0.88303
        7   8      -2008.6       0.720      -0.207       3.584       1   0.88783
        8   8      -2013.2       0.673      -0.212       3.607       1   0.89454
        9   8      -2008.4       0.691      -0.231       3.529       1   0.88862
       10   8      -2015.2       0.655      -0.277       3.654       1   0.88702
       11   8      -2007.6       0.729      -0.206       3.575       1   0.88646
       12   8      -2009.4       0.647      -0.243       3.440       1   0.89379

 Cycle  52,  Fermi energy =  -9.390 eV, Occupancy val abs =  1.778

 Cycle  52: Total energy =      -433435.1 eV, Delta energy =     19.604 >   4.800 eV
             Delta ch (  4) = 0.054, Ch =  1.895, Ch_p =  1.841, Weight = 0.01250, Mod_p =  0

      ipr   Z   Energy_Tot      Charge     Ch-Ch_i  pop_orb_val(L)   L    Radius
        1  22     -23078.4       1.773       0.469       1.778       2   1.21591
        2  22     -23063.6       1.786       0.441       1.639       2   1.21093
        3  22     -23076.1       1.726       0.422       1.705       2   1.21585
        4  22     -23056.0       1.842       0.500       1.698       2   1.21131
        5   8      -2010.6       0.709      -0.211       3.588       1   0.88902
        6   8      -2010.7       0.713      -0.244       3.582       1   0.88303
        7   8      -2008.7       0.720      -0.207       3.585       1   0.88783
        8   8      -2013.4       0.673      -0.212       3.609       1   0.89454
        9   8      -2008.6       0.691      -0.231       3.531       1   0.88862
       10   8      -2015.4       0.654      -0.277       3.655       1   0.88702
       11   8      -2007.8       0.728      -0.207       3.577       1   0.88646
       12   8      -2009.6       0.647      -0.243       3.442       1   0.89379

 Cycle  53,  Fermi energy =  -9.383 eV, Occupancy val abs =  1.778

 Cycle  53: Total energy =      -433432.6 eV, Delta energy =      2.617 <   4.800 eV,  Weight = 0.01250. Converged !

      ipr   Z   Energy_Tot      Charge     Ch-Ch_i  pop_orb_val(L)   L    Radius
        1  22     -23078.2       1.773       0.469       1.778       2   1.21591
        2  22     -23063.5       1.787       0.441       1.640       2   1.21093
        3  22     -23076.0       1.726       0.422       1.705       2   1.21585
        4  22     -23055.9       1.842       0.501       1.698       2   1.21131
        5   8      -2010.6       0.708      -0.211       3.588       1   0.88902
        6   8      -2010.7       0.712      -0.244       3.582       1   0.88303
        7   8      -2008.7       0.720      -0.207       3.585       1   0.88783
        8   8      -2013.4       0.673      -0.213       3.609       1   0.89454
        9   8      -2008.5       0.690      -0.231       3.531       1   0.88862
       10   8      -2015.3       0.654      -0.278       3.655       1   0.88702
       11   8      -2007.8       0.728      -0.207       3.577       1   0.88646
       12   8      -2009.6       0.646      -0.244       3.443       1   0.89379

  ia   Z  it  igr ipr iap     posx      posy      posz   igrpt PtGrName Comp  Axe  Mag
   1  22   0    1   0   1   0.00000   0.00000   0.00000    3      m       F    T    F
   2   8   2   25   7   2  -1.77143  -0.72030   0.00000    3      m       F    F    F
   3   8   2   29   8   4   0.51905  -1.09056   1.48361    1      1       F    F    F
   4   8   2   41  11   6  -0.33417   1.30741   1.48361    1      1       F    F    F
   5   8   2   17   5   7   2.02279   0.30617   0.00000    3      m       F    F    F
   6  22   1    1   1   9   0.00000   0.00000   2.96722    1      1       F    T    F
   7  22   1   13   4  11   2.55222  -0.80427   1.48361    1      1       F    F    F
   8   8   2   24   6  12   2.76439  -2.14897   0.00000    3      m       F    F    F
   9   8   2   25   7  14  -1.77143  -0.72030   2.96722    1      1       F    F    F
  10  22   1    5   2  16  -2.99661  -1.24693   1.48361    1      1       F    F    F
  11  22   1    9   3  18  -0.92702   3.11631   1.48361    1      1       F    F    F
  12   8   2   33   9  19  -2.12231   2.89701   0.00000    3      m       F    F    F
  13   8   2   17   5  20   2.02279   0.30617   2.96722    1      1       F    F    F
  14   8   2   39  10  22   0.30893   3.68548   0.00000    3      m       F    F    F
  15   8   2   35   9  24  -3.91273   0.61423   1.48361    1      1       F    F    F
  16   8   2   48  12  25   1.12804  -3.83284   1.48361    1      1       F    F    F
  17   8   2   21   6  28  -2.57301  -3.10553   1.48361    1      1       F    F    F
  18   8   2   19   5  29   2.61697   3.20507   1.48361    1      1       F    F    F
  19   8   2   45  12  31  -4.20936  -1.42166   0.00000    3      m       F    F    F
  20   8   2   37  10  33   4.33083  -0.17425   1.48361    1      1       F    F    F
  21   8   2   24   6  34   2.76439  -2.14897   2.96722    1      1       F    F    F
  22   8   2   29   8  37   0.51905  -1.09056   4.45083    1      1       F    F    F
  23  22   1    8   2  38   2.34079  -4.00757   0.00000    3      m       F    F    F
  24   8   2   41  11  40  -0.33417   1.30741   4.45083    1      1       F    F    F
  25   8   2   33   9  41  -2.12231   2.89701   2.96722    1      1       F    F    F
  26   8   2   39  10  43   0.30893   3.68548   2.96722    1      1       F    F    F
  27  22   1   15   4  45   2.08754   4.31551   0.00000    3      m       F    F    F

     V0bdcF =   -14.352 eV,     Vhbdc =    -5.411 eV,     rsbdc =   2.126 a.u.

 ipr    Z     Atom-Charge  Atom-Radius Ionic-Charge Ionic-Radius     Vmft
   0   22*        1.608        1.235        3.467        0.860      -21.597
   1   22         1.677        1.235        3.538        0.860      -22.053
   2   22         1.779        1.212        3.578        0.860      -22.066
   3   22         1.623        1.235        3.552        0.860      -21.810
   4   22         1.837        1.212        3.576        0.860      -21.704
   5    8         0.737        0.883       -1.457        1.400      -21.597
   6    8         0.712        0.883       -1.443        1.400      -21.597
   7    8         0.774        0.876       -1.434        1.400      -21.597
   8    8         0.722        0.884       -1.497        1.400      -21.597
   9    8         0.791        0.868       -1.475        1.400      -21.597
  10    8         0.630        0.892       -1.496        1.400      -21.597
  11    8         0.785        0.874       -1.424        1.400      -21.597
  12    8         0.788        0.866       -1.530        1.400      -21.597
Epsii used =  4855.529 eV
 Number of Energies =  811
    Energy    <xanes>    
  -20.0000  3.5765901E-04
  -19.0000  3.9411893E-04
  -18.0000  5.6574021E-04
  -17.0000  2.5772787E-03
  -16.0000  5.7693280E-01
  -15.0000  1.3374359E-03
  -14.0000  4.5247374E-04
  -13.0000  2.9995894E-04
  -12.0000  2.4444643E-04
  -11.0000  2.1873830E-04
  -10.0000  2.0703702E-04
  -9.95000  2.0671771E-04
  -9.90000  2.0642144E-04
  -9.85000  2.0614796E-04
  -9.80000  2.0589725E-04
  -9.75000  2.0566919E-04
  -9.70000  2.0546366E-04
  -9.65000  2.0528060E-04
  -9.60000  2.0511997E-04
  -9.55000  2.0498176E-04
  -9.50000  2.0486595E-04
  -9.45000  2.0477258E-04
  -9.40000  2.0470167E-04
  -9.35000  2.0465327E-04
  -9.30000  2.0462739E-04
  -9.25000  2.0462419E-04
  -9.20000  2.0464381E-04
  -9.15000  2.0468643E-04
  -9.10000  2.0475220E-04
  -9.05000  2.0484133E-04
  -9.00000  2.0495401E-04
  -8.95000  2.0509050E-04
  -8.90000  2.0525105E-04
  -8.85000  2.0543592E-04
  -8.80000  2.0564526E-04
  -8.75000  2.0587959E-04
  -8.70000  2.0613927E-04
  -8.65000  2.0642466E-04
  -8.60000  2.0673621E-04
  -8.55000  2.0707435E-04
  -8.50000  2.0743954E-04
  -8.45000  2.0783229E-04
  -8.40000  2.0825311E-04
  -8.35000  2.0870239E-04
  -8.30000  2.0918084E-04
  -8.25000  2.0968918E-04
  -8.20000  2.1022807E-04
  -8.15000  2.1079819E-04
  -8.10000  2.1140033E-04
  -8.05000  2.1203528E-04
  -8.00000  2.1270383E-04
  -7.95000  2.1340686E-04
  -7.90000  2.1414510E-04
  -7.85000  2.1491969E-04
  -7.80000  2.1573173E-04
  -7.75000  2.1658229E-04
  -7.70000  2.1747250E-04
  -7.65000  2.1840359E-04
  -7.60000  2.1937684E-04
  -7.55000  2.2039356E-04
  -7.50000  2.2145511E-04
  -7.45000  2.2256272E-04
  -7.40000  2.2371831E-04
  -7.35000  2.2492355E-04
  -7.30000  2.2618015E-04
  -7.25000  2.2748997E-04
  -7.20000  2.2885500E-04
  -7.15000  2.3027731E-04
  -7.10000  2.3175892E-04
  -7.05000  2.3330204E-04
  -7.00000  2.3490908E-04
  -6.95000  2.3658290E-04
  -6.90000  2.3832620E-04
  -6.85000  2.4014192E-04
  -6.80000  2.4203318E-04
  -6.75000  2.4400322E-04
  -6.70000  2.4605549E-04
  -6.65000  2.4819373E-04
  -6.60000  2.5042182E-04
  -6.55000  2.5274367E-04
  -6.50000  2.5516397E-04
  -6.45000  2.5768755E-04
  -6.40000  2.6031950E-04
  -6.35000  2.6306511E-04
  -6.30000  2.6593017E-04
  -6.25000  2.6892092E-04
  -6.20000  2.7204389E-04
  -6.15000  2.7530611E-04
  -6.10000  2.7871498E-04
  -6.05000  2.8227898E-04
  -6.00000  2.8600684E-04
  -5.95000  2.8990806E-04
  -5.90000  2.9399276E-04
  -5.85000  2.9827191E-04
  -5.80000  3.0275749E-04
  -5.75000  3.0746220E-04
  -5.70000  3.1239983E-04
  -5.65000  3.1758530E-04
  -5.60000  3.2303527E-04
  -5.55000  3.2876801E-04
  -5.50000  3.3480307E-04
  -5.45000  3.4116172E-04
  -5.40000  3.4786704E-04
  -5.35000  3.5494458E-04
  -5.30000  3.6242290E-04
  -5.25000  3.7033250E-04
  -5.20000  3.7870757E-04
  -5.15000  3.8758580E-04
  -5.10000  3.9700938E-04
  -5.05000  4.0702542E-04
  -5.00000  4.1768578E-04
  -4.95000  4.2904828E-04
  -4.90000  4.4117777E-04
  -4.85000  4.5414846E-04
  -4.80000  4.6804177E-04
  -4.75000  4.8295188E-04
  -4.70000  4.9898526E-04
  -4.65000  5.1626442E-04
  -4.60000  5.3492801E-04
  -4.55000  5.5513690E-04
  -4.50000  5.7707876E-04
  -4.45000  6.0097088E-04
  -4.40000  6.2706628E-04
  -4.35000  6.5566551E-04
  -4.30000  6.8712515E-04
  -4.25000  7.2187440E-04
  -4.20000  7.6043099E-04
  -4.15000  8.0342618E-04
  -4.10000  8.5164095E-04
  -4.05000  9.0604990E-04
  -4.00000  9.6788997E-04
  -3.95000  1.0387565E-03
  -3.90000  1.1207572E-03
  -3.85000  1.2167348E-03
  -3.80000  1.3306439E-03
  -3.75000  1.4682015E-03
  -3.70000  1.6381039E-03
  -3.65000  1.8544955E-03
  -3.60000  2.1427301E-03
  -3.55000  2.5555561E-03
  -3.50000  3.2339983E-03
  -3.45000  4.7891770E-03
  -3.40000  1.7024006E-02
  -3.35000  1.5344292E-02
  -3.30000  1.7853709E-02
  -3.25000  3.1055560E-01
  -3.20000  2.5620422E-02
  -3.15000  1.9907964E-02
  -3.10000  5.0213662E-02
  -3.05000  5.3467008E-01
  -3.00000  1.7555361E-01
  -2.95000  4.5802805E-02
  -2.90000  1.3711715E-01
  -2.85000  8.5646870E-01
  -2.80000  2.3102629E-01
  -2.75000  1.3271203E-01
  -2.70000  1.3835834E+00
  -2.65000  3.1960860E-01
  -2.60000  1.6772092E-01
  -2.55000  4.0125906E-01
  -2.50000  8.9801691E-02
  -2.45000  6.0040252E-02
  -2.40000  1.7448861E-01
  -2.35000  2.0495835E-02
  -2.30000  1.3513357E-02
  -2.25000  1.3595394E-02
  -2.20000  1.9039332E-02
  -2.15000  5.7820859E-02
  -2.10000  2.3626893E-01
  -2.05000  1.5996248E-01
  -2.00000  6.4191986E-01
  -1.95000  1.5774007E-01
  -1.90000  7.7249054E-02
  -1.85000  1.6809684E-01
  -1.80000  4.1834526E-01
  -1.75000  1.0302872E-01
  -1.70000  3.5259179E-01
  -1.65000  5.8770507E-02
  -1.60000  2.4082796E-01
  -1.55000  6.9165036E-02
  -1.50000  5.5818457E-02
  -1.45000  7.9138719E-02
  -1.40000  4.1355482E-02
  -1.35000  5.2264796E-02
  -1.30000  4.5705221E-01
  -1.25000  9.6857760E-02
  -1.20000  2.3634823E-01
  -1.15000  7.0905193E-02
  -1.10000  7.7170119E-02
  -1.05000  5.1542841E-02
  -1.00000  4.9862601E-02
  -0.95000  6.7046092E-02
  -0.90000  4.1903484E-01
  -0.85000  1.4922457E-01
  -0.80000  4.2044470E-01
  -0.75000  2.5563907E-01
  -0.70000  7.9588514E-02
  -0.65000  4.6114931E-02
  -0.60000  4.0744693E-01
  -0.55000  3.9206061E-01
  -0.50000  3.5844151E-01
  -0.45000  2.0656934E-01
  -0.40000  1.1108157E-01
  -0.35000  3.6271761E-01
  -0.30000  3.6278138E-01
  -0.25000  2.6609798E-01
  -0.20000  1.4422022E-01
  -0.15000  1.8598357E-01
  -0.10000  5.3758016E-01
  -0.05000  1.3278620E-01
  -0.00000  1.9360984E-01
   0.05000  2.2267682E-01
   0.10000  3.4706985E-02
   0.15000  3.8049912E-02
   0.20000  3.0737413E-02
   0.25000  1.3555162E-01
   0.30000  5.7720776E-02
   0.35000  1.1207177E-02
   0.40000  6.3888871E-03
   0.45000  3.6077815E-03
   0.50000  3.0299185E-03
   0.55000  2.2623129E-03
   0.60000  1.8770790E-03
   0.65000  1.6588630E-03
   0.70000  1.5369528E-03
   0.75000  2.1427731E-03
   0.80000  1.5370282E-03
   0.85000  1.1816297E-03
   0.90000  1.0748577E-03
   0.95000  1.0025299E-03
   1.00000  9.4698858E-04
   1.05000  9.1233795E-04
   1.10000  1.3243902E-03
   1.15000  8.4536532E-04
   1.20000  7.9487003E-04
   1.25000  7.6721240E-04
   1.30000  7.4688170E-04
   1.35000  7.3209199E-04
   1.40000  7.2264313E-04
   1.45000  7.1891039E-04
   1.50000  7.2175033E-04
   1.55000  7.3263508E-04
   1.60000  7.5396612E-04
   1.65000  7.9018036E-04
   1.70000  8.4791750E-04
   1.75000  9.3934612E-04
   1.80000  1.0879160E-03
   1.85000  1.3448797E-03
   1.90000  1.9541140E-05
   1.95000  5.9969137E-05
   2.00000  2.0900879E-04
   2.05000  2.1705458E-03
   2.10000  6.2279208E-03
   2.15000  3.2793844E-02
   2.20000  8.9720790E-04
   2.25000  4.6996162E-04
   2.30000  3.5532806E-04
   2.35000  3.0869590E-04
   2.40000  2.8767829E-04
   2.45000  2.7926703E-04
   2.50000  2.7828233E-04
   2.55000  2.8237233E-04
   2.60000  2.9043338E-04
   2.65000  3.0201852E-04
   2.70000  3.1709980E-04
   2.75000  3.3599222E-04
   2.80000  3.5937059E-04
   2.85000  3.8838071E-04
   2.90000  4.2488677E-04
   2.95000  4.7197606E-04
   3.00000  5.3504002E-04
   3.05000  6.2433879E-04
   3.10000  7.6224460E-04
   3.15000  1.0103303E-03
   3.20000  1.6431210E-03
   3.25000  8.5491671E-03
   3.30000  4.3432117E-03
   3.35000  5.8257655E-03
   3.40000  1.4576547E-02
   3.45000  1.5536792E-02
   3.50000  6.8460582E-03
   3.55000  2.4651401E-02
   3.60000  1.7140326E-02
   3.65000  1.2716842E-02
   3.70000  3.4797737E-02
   3.75000  1.7713597E-02
   3.80000  8.7633236E-02
   3.85000  4.3572918E-02
   3.90000  2.7613221E-02
   3.95000  3.0867099E-02
   4.00000  8.3308261E-03
   4.05000  1.0657996E-02
   4.10000  4.9038242E-02
   4.15000  5.0489370E-02
   4.20000  2.8832782E-01
   4.25000  3.5652568E-02
   4.30000  1.7563274E-02
   4.35000  1.4604073E-02
   4.40000  1.6036749E-02
   4.45000  1.8076706E-02
   4.50000  1.4283175E-02
   4.55000  1.3085308E-02
   4.60000  1.7277169E-02
   4.65000  2.8598592E-02
   4.70000  5.0355854E-02
   4.75000  7.1682205E-02
   4.80000  8.1931619E-02
   4.85000  8.5432396E-02
   4.90000  4.7709265E-02
   4.95000  2.4967291E-02
   5.00000  1.8317369E-02
   5.05000  1.5956624E-02
   5.10000  1.4795685E-02
   5.15000  1.4815862E-02
   5.20000  1.6688450E-02
   5.25000  2.1004364E-02
   5.30000  2.7810957E-02
   5.35000  3.5419559E-02
   5.40000  4.0504415E-02
   5.45000  4.2102774E-02
   5.50000  4.2867444E-02
   5.55000  4.5565097E-02
   5.60000  5.1308854E-02
   5.65000  5.8661941E-02
   5.70000  6.1921602E-02
   5.75000  5.5209892E-02
   5.80000  4.3039763E-02
   5.85000  3.2184941E-02
   5.90000  2.4458666E-02
   5.95000  1.9371656E-02
   6.00000  1.6180570E-02
   6.05000  1.4402604E-02
   6.10000  1.3813827E-02
   6.15000  1.4112733E-02
   6.20000  1.3976582E-02
   6.25000  1.2182285E-02
   6.30000  1.0358586E-02
   6.35000  9.0956771E-03
   6.40000  8.2231254E-03
   6.45000  8.1991884E-03
   6.50000  9.1551464E-03
   6.55000  1.1426839E-02
   6.60000  1.5316589E-02
   6.65000  1.9265343E-02
   6.70000  2.2099273E-02
   6.75000  1.7746260E-02
   6.80000  1.3678297E-02
   6.85000  9.5551031E-03
   6.90000  7.3186067E-03
   6.95000  6.2442281E-03
   7.00000  5.2904468E-03
   7.05000  4.3283959E-03
   7.10000  3.5710987E-03
   7.15000  3.0347946E-03
   7.20000  2.6555418E-03
   7.25000  2.3787319E-03
   7.30000  2.1695788E-03
   7.35000  2.0067631E-03
   7.40000  1.8769355E-03
   7.45000  1.7714340E-03
   7.50000  1.6844294E-03
   7.55000  1.6118704E-03
   7.60000  1.5508635E-03
   7.65000  1.4992892E-03
   7.70000  1.4555622E-03
   7.75000  1.4184749E-03
   7.80000  1.3870963E-03
   7.85000  1.3607024E-03
   7.90000  1.3387185E-03
   7.95000  1.3206855E-03
   8.00000  1.3062378E-03
   8.05000  1.2950804E-03
   8.10000  1.2869815E-03
   8.15000  1.2817541E-03
   8.20000  1.2792489E-03
   8.25000  1.2793544E-03
   8.30000  1.2819861E-03
   8.35000  1.2870829E-03
   8.40000  1.2946053E-03
   8.45000  1.3045309E-03
   8.50000  1.3168576E-03
   8.55000  1.3315920E-03
   8.60000  1.3487567E-03
   8.65000  1.3683862E-03
   8.70000  1.3905284E-03
   8.75000  1.4148407E-03
   8.80000  1.4416990E-03
   8.85000  1.4712315E-03
   8.90000  1.5035199E-03
   8.95000  1.5386564E-03
   9.00000  1.5767455E-03
   9.05000  1.6179056E-03
   9.10000  1.6622699E-03
   9.15000  1.7099900E-03
   9.20000  1.7612426E-03
   9.25000  1.8162340E-03
   9.30000  1.8752062E-03
   9.35000  1.9384465E-03
   9.40000  2.0062856E-03
   9.45000  2.0791190E-03
   9.50000  2.1574129E-03
   9.55000  2.2417162E-03
   9.60000  2.3326766E-03
   9.65000  2.4310466E-03
   9.70000  2.5377079E-03
   9.75000  2.6536891E-03
   9.80000  2.7801871E-03
   9.85000  2.9185907E-03
   9.90000  3.0705086E-03
   9.95000  3.2377964E-03
   10.0000  3.4225930E-03
   10.1000  3.8548858E-03
   10.2000  4.3914632E-03
   10.3000  5.0629254E-03
   10.4000  5.9063594E-03
   10.5000  6.9629450E-03
   10.6000  8.2706440E-03
   10.7000  9.8491426E-03
   10.8000  1.1676505E-02
   10.9000  1.3665764E-02
   11.0000  1.5662055E-02
   11.1000  1.7481812E-02
   11.2000  1.8984942E-02
   11.3000  2.0131625E-02
   11.4000  2.0956169E-02
   11.5000  2.1617224E-02
   11.6000  2.2153383E-02
   11.7000  2.2708453E-02
   11.8000  2.3259880E-02
   11.9000  2.3789475E-02
   12.0000  2.4263927E-02
   12.1000  2.4655577E-02
   12.2000  2.4955232E-02
   12.3000  2.5173610E-02
   12.4000  2.5335362E-02
   12.5000  2.5471676E-02
   12.6000  2.5614837E-02
   12.7000  2.5794981E-02
   12.8000  2.6038732E-02
   12.9000  2.6367254E-02
   13.0000  2.6798153E-02
   13.1000  2.7345694E-02
   13.2000  2.8021792E-02
   13.3000  2.8837065E-02
   13.4000  2.9801709E-02
   13.5000  3.0926076E-02
   13.6000  3.2220898E-02
   13.7000  3.3696911E-02
   13.8000  3.5363453E-02
   13.9000  3.7226218E-02
   14.0000  3.9283165E-02
   14.1000  4.1519021E-02
   14.2000  4.3899726E-02
   14.3000  4.6370418E-02
   14.4000  4.8862660E-02
   14.5000  5.1314923E-02
   14.6000  5.3702037E-02
   14.7000  5.6058646E-02
   14.8000  5.8481039E-02
   14.9000  6.1105755E-02
   15.0000  6.4081900E-02
   15.1000  6.7551728E-02
   15.2000  7.1645384E-02
   15.3000  7.6485194E-02
   15.4000  8.2192377E-02
   15.5000  8.8888856E-02
   15.6000  9.6688534E-02
   15.7000  1.0567059E-01
   15.8000  1.1582676E-01
   15.9000  1.2697712E-01
   16.0000  1.3866781E-01
   16.1000  1.5009742E-01
   16.2000  1.6016843E-01
   16.3000  1.6775249E-01
   16.4000  1.7211804E-01
   16.5000  1.7327337E-01
   16.6000  1.6820644E-01
   16.7000  1.6581180E-01
   16.8000  1.6360021E-01
   16.9000  1.6216938E-01
   17.0000  1.6185103E-01
   17.1000  1.6278010E-01
   17.2000  1.6498167E-01
   17.3000  1.6843059E-01
   17.4000  1.7307923E-01
   17.5000  1.7888233E-01
   17.6000  1.8581105E-01
   17.7000  1.9386276E-01
   17.8000  2.0294785E-01
   17.9000  2.1297791E-01
   18.0000  2.2383026E-01
   18.1000  2.3534299E-01
   18.2000  2.4731686E-01
   18.3000  2.5952466E-01
   18.4000  2.7171662E-01
   18.5000  2.8363917E-01
   18.6000  2.9505761E-01
   18.7000  3.0578016E-01
   18.8000  3.1568098E-01
   18.9000  3.2471241E-01
   19.0000  3.3289970E-01
   19.1000  3.4030606E-01
   19.2000  3.4699530E-01
   19.3000  3.5298382E-01
   19.4000  3.5821089E-01
   19.5000  3.6255116E-01
   19.6000  3.6587157E-01
   19.7000  3.6810592E-01
   19.8000  3.6929983E-01
   19.9000  3.6958829E-01
   20.0000  3.6913929E-01
   20.1000  3.6809812E-01
   20.2000  3.6655648E-01
   20.3000  3.6455123E-01
   20.4000  3.6208040E-01
   20.5000  3.5912552E-01
   20.6000  3.5567421E-01
   20.7000  3.5174308E-01
   20.8000  3.4739412E-01
   20.9000  3.4273193E-01
   21.0000  3.3790408E-01
   21.1000  3.3308396E-01
   21.2000  3.2845242E-01
   21.3000  3.2418068E-01
   21.4000  3.2041913E-01
   21.5000  3.1728995E-01
   21.6000  3.1488551E-01
   21.7000  3.1327021E-01
   21.8000  3.1248388E-01
   21.9000  3.1254790E-01
   22.0000  3.1346312E-01
   22.1000  3.1521810E-01
   22.2000  3.1778974E-01
   22.3000  3.2114395E-01
   22.4000  3.2523809E-01
   22.5000  3.3002213E-01
   22.6000  3.3544018E-01
   22.7000  3.4143239E-01
   22.8000  3.4793638E-01
   22.9000  3.5488877E-01
   23.0000  3.6222499E-01
   23.1000  3.6988044E-01
   23.2000  3.7779019E-01
   23.3000  3.8588472E-01
   23.4000  3.9410615E-01
   23.5000  4.0238310E-01
   23.6000  4.1063854E-01
   23.7000  4.1880649E-01
   23.8000  4.2682582E-01
   23.9000  4.3464230E-01
   24.0000  4.4221085E-01
   24.1000  4.4949471E-01
   24.2000  4.5646662E-01
   24.3000  4.6310688E-01
   24.4000  4.6940281E-01
   24.5000  4.7534572E-01
   24.6000  4.8093191E-01
   24.7000  4.8615361E-01
   24.8000  4.9100548E-01
   24.9000  4.9548054E-01
   25.0000  4.9956899E-01
   25.1000  5.0325710E-01
   25.2000  5.0652622E-01
   25.3000  5.0935089E-01
   25.4000  5.1169759E-01
   25.5000  5.1352267E-01
   25.6000  5.1477110E-01
   25.7000  5.1537536E-01
   25.8000  5.1525446E-01
   25.9000  5.1431454E-01
   26.0000  5.1245379E-01
   26.1000  5.0956005E-01
   26.2000  5.0552406E-01
   26.3000  5.0024091E-01
   26.4000  4.9363527E-01
   26.5000  4.8566556E-01
   26.6000  4.7633438E-01
   26.7000  4.6569845E-01
   26.8000  4.5386498E-01
   26.9000  4.4098912E-01
   27.0000  4.2726083E-01
   27.1000  4.1290497E-01
   27.2000  3.9817260E-01
   27.3000  3.8333113E-01
   27.4000  3.6865026E-01
   27.5000  3.5438221E-01
   27.6000  3.4073803E-01
   27.7000  3.2787591E-01
   27.8000  3.1589199E-01
   27.9000  3.0482321E-01
   28.0000  2.9465823E-01
   28.1000  2.8535086E-01
   28.2000  2.7683365E-01
   28.3000  2.6902988E-01
   28.4000  2.6186478E-01
   28.5000  2.5526972E-01
   28.6000  2.4918529E-01
   28.7000  2.4356266E-01
   28.8000  2.3836330E-01
   28.9000  2.3355771E-01
   29.0000  2.2912445E-01
   29.1000  2.2504547E-01
   29.2000  2.2130710E-01
   29.3000  2.1789746E-01
   29.4000  2.1480482E-01
   29.5000  2.1201655E-01
   29.6000  2.0951847E-01
   29.7000  2.0729462E-01
   29.8000  2.0532721E-01
   29.9000  2.0359697E-01
   30.0000  2.0208335E-01
   30.1000  2.0078524E-01
   30.2000  1.9964178E-01
   30.3000  1.9865298E-01
   30.4000  1.9779999E-01
   30.5000  1.9706596E-01
   30.6000  1.9643647E-01
   30.7000  1.9596624E-01
   30.8000  1.9551676E-01
   30.9000  1.9514456E-01
   31.0000  1.9484574E-01
   31.1000  1.9463267E-01
   31.2000  1.9447680E-01
   31.3000  1.9450427E-01
   31.4000  1.9451735E-01
   31.5000  1.9460761E-01
   31.6000  1.9477767E-01
   31.7000  1.9506168E-01
   31.8000  1.9539759E-01
   31.9000  1.9580324E-01
   32.0000  1.9630810E-01
   32.1000  1.9689378E-01
   32.2000  1.9755657E-01
   32.3000  1.9829097E-01
   32.4000  1.9909007E-01
   32.5000  1.9994558E-01
   32.6000  2.0084794E-01
   32.7000  2.0178719E-01
   32.8000  2.0275318E-01
   32.9000  2.0373639E-01
   33.0000  2.0472815E-01
   33.1000  2.0572085E-01
   33.2000  2.0670932E-01
   33.3000  2.0769095E-01
   33.4000  2.0866601E-01
   33.5000  2.0963767E-01
   33.6000  2.1061211E-01
   33.7000  2.1159806E-01
   33.8000  2.1260636E-01
   33.9000  2.1364957E-01
   34.0000  2.1474113E-01
   34.1000  2.1589526E-01
   34.2000  2.1712559E-01
   34.3000  2.1844571E-01
   34.4000  2.1986663E-01
   34.5000  2.2139787E-01
   34.6000  2.2304656E-01
   34.7000  2.2481691E-01
   34.8000  2.2670939E-01
   34.9000  2.2872044E-01
   35.0000  2.3084256E-01
   35.1000  2.3306421E-01
   35.2000  2.3536929E-01
   35.3000  2.3773814E-01
   35.4000  2.4014754E-01
   35.5000  2.4257150E-01
   35.6000  2.4498247E-01
   35.7000  2.4735205E-01
   35.8000  2.4965222E-01
   35.9000  2.5185626E-01
   36.0000  2.5393785E-01
   36.1000  2.5587551E-01
   36.2000  2.5765084E-01
   36.3000  2.5924721E-01
   36.4000  2.6065026E-01
   36.5000  2.6184994E-01
   36.6000  2.6283754E-01
   36.7000  2.6360363E-01
   36.8000  2.6414301E-01
   36.9000  2.6444960E-01
   37.0000  2.6452111E-01
   37.1000  2.6435803E-01
   37.2000  2.6396499E-01
   37.3000  2.6334731E-01
   37.4000  2.6251558E-01
   37.5000  2.6148489E-01
   37.6000  2.6026885E-01
   37.7000  2.5889708E-01
   37.8000  2.5739887E-01
   37.9000  2.5580002E-01
   38.0000  2.5412822E-01
   38.1000  2.5240987E-01
   38.2000  2.5067156E-01
   38.3000  2.4893380E-01
   38.4000  2.4721323E-01
   38.5000  2.4551830E-01
   38.6000  2.4385147E-01
   38.7000  2.4220984E-01
   38.8000  2.4058601E-01
   38.9000  2.3896986E-01
   39.0000  2.3735106E-01
   39.1000  2.3572107E-01
   39.2000  2.3407449E-01
   39.3000  2.3241303E-01
   39.4000  2.3073817E-01
   39.5000  2.2905573E-01
   39.6000  2.2737469E-01
   39.7000  2.2570507E-01
   39.8000  2.2405617E-01
   39.9000  2.2243566E-01
   40.0000  2.2084832E-01
   40.1000  2.1929555E-01
   40.2000  2.1777526E-01
   40.3000  2.1628197E-01
   40.4000  2.1480939E-01
   40.5000  2.1334602E-01
   40.6000  2.1188059E-01
   40.7000  2.1040409E-01
   40.8000  2.0891068E-01
   40.9000  2.0739904E-01
   41.0000  2.0587236E-01
   41.1000  2.0433732E-01
   41.2000  2.0280163E-01
   41.3000  2.0127187E-01
   41.4000  1.9974995E-01
   41.5000  1.9823181E-01
   41.6000  1.9670665E-01
   41.7000  1.9515888E-01
   41.8000  1.9356530E-01
   41.9000  1.9189915E-01
   42.0000  1.9013566E-01
   42.1000  1.8825288E-01
   42.2000  1.8623384E-01
   42.3000  1.8406884E-01
   42.4000  1.8175683E-01
   42.5000  1.7930446E-01
   42.6000  1.7672540E-01
   42.7000  1.7403944E-01
   42.8000  1.7127110E-01
   42.9000  1.6844596E-01
   43.0000  1.6558927E-01
   43.1000  1.6272476E-01
   43.2000  1.5987314E-01
   43.3000  1.5705373E-01
   43.4000  1.5427479E-01
   43.5000  1.5154381E-01
   43.6000  1.4886463E-01
   43.7000  1.4623857E-01
   43.8000  1.4366548E-01
   43.9000  1.4114460E-01
   44.0000  1.3867562E-01
   44.1000  1.3625922E-01
   44.2000  1.3389758E-01
   44.3000  1.3159410E-01
   44.4000  1.2935443E-01
   44.5000  1.2718545E-01
   44.6000  1.2509461E-01
   44.7000  1.2308990E-01
   44.8000  1.2117924E-01
   44.9000  1.1937007E-01
   45.0000  1.1766947E-01
   45.1000  1.1608450E-01
   45.2000  1.1461813E-01
   45.3000  1.1327394E-01
   45.4000  1.1205425E-01
   45.5000  1.1096034E-01
   45.6000  1.0999248E-01
   45.7000  1.0914953E-01
   45.8000  1.0842986E-01
   45.9000  1.0783102E-01
   46.0000  1.0734082E-01
   46.1000  1.0694571E-01
   46.2000  1.0665696E-01
   46.3000  1.0647000E-01
   46.4000  1.0637963E-01
   46.5000  1.0638007E-01
   46.6000  1.0646511E-01
   46.7000  1.0662776E-01
   46.8000  1.0686042E-01
   46.9000  1.0715484E-01
   47.0000  1.0750222E-01
   47.1000  1.0789357E-01
   47.2000  1.0831946E-01
   47.3000  1.0877047E-01
   47.4000  1.0923781E-01
   47.5000  1.0971325E-01
   47.6000  1.1018915E-01
   47.7000  1.1065925E-01
   47.8000  1.1111881E-01
   47.9000  1.1156428E-01
   48.0000  1.1199374E-01
   48.1000  1.1240671E-01
   48.2000  1.1280506E-01
   48.3000  1.1319009E-01
   48.4000  1.1356422E-01
   48.5000  1.1393002E-01
   48.6000  1.1428966E-01
   48.7000  1.1464550E-01
   48.8000  1.1499921E-01
   48.9000  1.1535138E-01
   49.0000  1.1570123E-01
   49.1000  1.1604787E-01
   49.2000  1.1638956E-01
   49.3000  1.1672448E-01
   49.4000  1.1705103E-01
   49.5000  1.1736731E-01
   49.6000  1.1767218E-01
   49.7000  1.1796487E-01
   49.8000  1.1824513E-01
   49.9000  1.1851288E-01
   50.0000  1.1876869E-01

 E_edge     =  4966.00 eV

   run_7_2

 Cluster radius = 5.00 A, nb. of atom =  44
 Fermi energy calculation : cluster radius = 5.00 A, nb. of atom =  44
 Potential sup calculation: cluster radius = 7.50 A, nb. of atom = 154

 Point group : m        (Cs   )

 ipr   Z  mult     ch_val    ch_core   ch_total     ch_out   Atom charge
   1  22    4       2.817     17.891     20.709      0.174      1.291
   2  22    4       2.786     17.889     20.675      0.001      1.325
   3  22    4       2.821     17.892     20.713      0.066      1.287
   4  22    4       2.781     17.888     20.669      0.207      1.331
   5   8    4       5.076      2.000      7.076      0.009      0.924
   6   8    4       5.051      2.000      7.051      0.003      0.949
   7   8    4       5.077      2.000      7.077      0.004      0.923
   8   8    4       5.119      2.000      7.119      0.088      0.881
   9   8    4       5.083      2.000      7.083      0.004      0.917
  10   8    4       5.072      2.000      7.072      0.115      0.928
  11   8    4       5.064      2.000      7.064      0.011      0.936
  12   8    4       5.116      2.000      7.116      0.005      0.884

 Cycle   1,  Fermi energy = -12.503 eV, Occupancy val abs =  0.794

 Cycle   1: Total energy =      -431506.6 eV,
             Delta ch (  2) = 1.578, Ch =  2.903, Ch_p =  1.325, Weight = 0.05000, Mod_p =  0

      ipr   Z   Energy_Tot      Charge     Ch-Ch_i  pop_orb_val(L)   L    Radius
        1  22     -22806.3       1.367       0.075       0.752       2   1.21791
        2  22     -22795.4       1.404       0.079       0.794       2   1.21390
        3  22     -22811.8       1.363       0.076       0.812       2   1.21846
        4  22     -22788.5       1.408       0.077       0.682       2   1.21311
        5   8      -2072.4       0.891      -0.033       4.038       1   0.88841
        6   8      -2082.4       0.911      -0.038       4.119       1   0.88427
        7   8      -2084.0       0.885      -0.038       4.146       1   0.88865
        8   8      -2096.2       0.838      -0.043       4.186       1   0.89535
        9   8      -2083.8       0.880      -0.038       4.142       1   0.88946
       10   8      -2089.3       0.885      -0.042       4.094       1   0.88783
       11   8      -2074.3       0.902      -0.034       4.057       1   0.88654
       12   8      -2092.2       0.844      -0.040       4.209       1   0.89494

 Cycle   2,  Fermi energy = -12.277 eV, Occupancy val abs =  0.935

 Cycle   2: Total energy =      -432042.9 eV, Delta energy =   1523.500 >   4.800 eV
             Delta ch (  2) = 1.249, Ch =  2.653, Ch_p =  1.404, Weight = 0.05000, Mod_p =  0
                                                            Next weight = 0.02500

      ipr   Z   Energy_Tot      Charge     Ch-Ch_i  pop_orb_val(L)   L    Radius
        1  22     -22864.9       1.397       0.106       0.877       2   1.21791
        2  22     -22865.0       1.435       0.110       0.935       2   1.21390
        3  22     -22867.2       1.394       0.107       0.931       2   1.21846
        4  22     -22857.9       1.438       0.108       0.831       2   1.21311
        5   8      -2076.9       0.875      -0.050       4.079       1   0.88841
        6   8      -2069.9       0.895      -0.054       4.021       1   0.88427
        7   8      -2066.8       0.870      -0.053       4.009       1   0.88865
        8   8      -2082.4       0.820      -0.061       4.083       1   0.89535
        9   8      -2054.6       0.868      -0.050       3.895       1   0.88946
       10   8      -2066.0       0.870      -0.058       3.908       1   0.88783
       11   8      -2073.2       0.885      -0.051       4.057       1   0.88654
       12   8      -2065.9       0.830      -0.054       3.989       1   0.89494

 Cycle   3,  Fermi energy = -12.116 eV, Occupancy val abs =  0.993

 Cycle   3: Total energy =      -432217.5 eV, Delta energy =    530.347 >   4.800 eV
             Delta ch (  2) = 1.148, Ch =  2.584, Ch_p =  1.435, Weight = 0.02500, Mod_p =  0

      ipr   Z   Energy_Tot      Charge     Ch-Ch_i  pop_orb_val(L)   L    Radius
        1  22     -22892.1       1.424       0.133       0.946       2   1.21791
        2  22     -22883.7       1.464       0.139       0.993       2   1.21390
        3  22     -22888.2       1.422       0.135       0.990       2   1.21846
        4  22     -22879.2       1.466       0.136       0.895       2   1.21311
        5   8      -2075.4       0.858      -0.066       4.071       1   0.88841
        6   8      -2064.3       0.881      -0.069       3.978       1   0.88427
        7   8      -2060.4       0.857      -0.066       3.959       1   0.88865
        8   8      -2074.7       0.804      -0.077       4.024       1   0.89535
        9   8      -2048.6       0.857      -0.060       3.845       1   0.88946
       10   8      -2057.6       0.856      -0.071       3.840       1   0.88783
       11   8      -2071.0       0.869      -0.067       4.043       1   0.88654
       12   8      -2059.2       0.818      -0.066       3.933       1   0.89494

 Cycle   4,  Fermi energy = -11.957 eV, Occupancy val abs =  1.050

 Cycle   4: Total energy =      -432370.2 eV, Delta energy =    474.470 >   4.800 eV
             Delta ch (  2) = 1.050, Ch =  2.514, Ch_p =  1.464, Weight = 0.02500, Mod_p =  0

      ipr   Z   Energy_Tot      Charge     Ch-Ch_i  pop_orb_val(L)   L    Radius
        1  22     -22909.3       1.449       0.158       1.000       2   1.21791
        2  22     -22902.2       1.490       0.165       1.050       2   1.21390
        3  22     -22911.8       1.448       0.161       1.055       2   1.21846
        4  22     -22898.2       1.492       0.161       0.954       2   1.21311
        5   8      -2073.1       0.842      -0.082       4.057       1   0.88841
        6   8      -2058.9       0.868      -0.082       3.937       1   0.88427
        7   8      -2054.5       0.845      -0.078       3.912       1   0.88865
        8   8      -2066.1       0.790      -0.091       3.955       1   0.89535
        9   8      -2045.0       0.848      -0.070       3.816       1   0.88946
       10   8      -2050.9       0.844      -0.083       3.787       1   0.88783
       11   8      -2067.7       0.854      -0.082       4.021       1   0.88654
       12   8      -2054.8       0.807      -0.077       3.898       1   0.89494

 Cycle   5,  Fermi energy = -11.800 eV, Occupancy val abs =  1.098

 Cycle   5: Total energy =      -432485.3 eV, Delta energy =    371.246 >   4.800 eV
             Delta ch (  2) = 0.970, Ch =  2.460, Ch_p =  1.490, Weight = 0.02500, Mod_p =  0

      ipr   Z   Energy_Tot      Charge     Ch-Ch_i  pop_orb_val(L)   L    Radius
        1  22     -22924.0       1.472       0.181       1.049       2   1.21791
        2  22     -22916.8       1.514       0.189       1.098       2   1.21390
        3  22     -22927.0       1.471       0.184       1.104       2   1.21846
        4  22     -22914.6       1.515       0.184       1.009       2   1.21311
        5   8      -2070.8       0.828      -0.097       4.042       1   0.88841
        6   8      -2054.5       0.856      -0.094       3.904       1   0.88427
        7   8      -2050.0       0.834      -0.089       3.878       1   0.88865
        8   8      -2058.5       0.778      -0.104       3.895       1   0.89535
        9   8      -2042.8       0.839      -0.079       3.801       1   0.88946
       10   8      -2045.8       0.834      -0.094       3.747       1   0.88783
       11   8      -2064.2       0.840      -0.096       3.996       1   0.88654
       12   8      -2052.4       0.797      -0.087       3.881       1   0.89494

 Cycle   6,  Fermi energy = -11.650 eV, Occupancy val abs =  1.146

 Cycle   6: Total energy =      -432590.5 eV, Delta energy =    339.204 >   4.800 eV
             Delta ch (  2) = 0.890, Ch =  2.405, Ch_p =  1.514, Weight = 0.02500, Mod_p =  0

      ipr   Z   Energy_Tot      Charge     Ch-Ch_i  pop_orb_val(L)   L    Radius
        1  22     -22936.7       1.493       0.202       1.094       2   1.21791
        2  22     -22931.6       1.537       0.212       1.146       2   1.21390
        3  22     -22940.3       1.492       0.205       1.149       2   1.21846
        4  22     -22929.3       1.536       0.205       1.063       2   1.21311
        5   8      -2068.2       0.813      -0.111       4.025       1   0.88841
        6   8      -2050.5       0.845      -0.105       3.874       1   0.88427
        7   8      -2046.1       0.825      -0.098       3.849       1   0.88865
        8   8      -2051.9       0.767      -0.114       3.842       1   0.89535
        9   8      -2040.8       0.830      -0.087       3.787       1   0.88946
       10   8      -2041.3       0.824      -0.103       3.712       1   0.88783
       11   8      -2060.5       0.827      -0.109       3.971       1   0.88654
       12   8      -2050.4       0.787      -0.097       3.867       1   0.89494

 Cycle   7,  Fermi energy = -11.510 eV, Occupancy val abs =  1.190

 Cycle   7: Total energy =      -432687.5 eV, Delta energy =    311.631 >   4.800 eV
             Delta ch (  2) = 0.822, Ch =  2.359, Ch_p =  1.537, Weight = 0.02500, Mod_p =  0

      ipr   Z   Energy_Tot      Charge     Ch-Ch_i  pop_orb_val(L)   L    Radius
        1  22     -22948.6       1.513       0.221       1.137       2   1.21791
        2  22     -22943.9       1.557       0.232       1.190       2   1.21390
        3  22     -22952.4       1.512       0.225       1.191       2   1.21846
        4  22     -22944.1       1.556       0.225       1.116       2   1.21311
        5   8      -2065.5       0.800      -0.124       4.007       1   0.88841
        6   8      -2046.9       0.835      -0.115       3.846       1   0.88427
        7   8      -2042.7       0.816      -0.107       3.824       1   0.88865
        8   8      -2046.7       0.758      -0.124       3.801       1   0.89535
        9   8      -2038.5       0.823      -0.095       3.770       1   0.88946
       10   8      -2037.3       0.816      -0.112       3.681       1   0.88783
       11   8      -2057.0       0.815      -0.121       3.946       1   0.88654
       12   8      -2048.2       0.778      -0.106       3.852       1   0.89494

 Cycle   8,  Fermi energy = -11.348 eV, Occupancy val abs =  1.145

 Cycle   8: Total energy =      -432646.5 eV, Delta energy =    396.882 >   4.800 eV
             Delta ch (  2) = 1.000, Ch =  2.558, Ch_p =  1.557, Weight = 0.02500, Mod_p =  0

      ipr   Z   Energy_Tot      Charge     Ch-Ch_i  pop_orb_val(L)   L    Radius
        1  22     -22960.6       1.531       0.239       1.182       2   1.21791
        2  22     -22895.0       1.582       0.257       1.145       2   1.21390
        3  22     -22964.4       1.530       0.243       1.231       2   1.21846
        4  22     -22959.1       1.573       0.242       1.171       2   1.21311
        5   8      -2063.9       0.787      -0.137       3.999       1   0.88841
        6   8      -2045.6       0.825      -0.124       3.840       1   0.88427
        7   8      -2042.6       0.807      -0.116       3.828       1   0.88865
        8   8      -2045.9       0.748      -0.133       3.799       1   0.89535
        9   8      -2040.9       0.814      -0.103       3.796       1   0.88946
       10   8      -2038.6       0.807      -0.121       3.699       1   0.88783
       11   8      -2055.1       0.804      -0.132       3.935       1   0.88654
       12   8      -2049.9       0.769      -0.115       3.873       1   0.89494

 Cycle   9,  Fermi energy = -11.185 eV, Occupancy val abs =  1.203

 Cycle   9: Total energy =      -432605.9 eV, Delta energy =    426.126 >   4.800 eV
             Delta ch (  3) = 0.916, Ch =  2.445, Ch_p =  1.530, Weight = 0.02500, Mod_p =  0

      ipr   Z   Energy_Tot      Charge     Ch-Ch_i  pop_orb_val(L)   L    Radius
        1  22     -22972.1       1.547       0.255       1.225       2   1.21791
        2  22     -22912.3       1.605       0.280       1.203       2   1.21390
        3  22     -22911.4       1.553       0.266       1.177       2   1.21846
        4  22     -22973.3       1.589       0.258       1.224       2   1.21311
        5   8      -2062.0       0.775      -0.150       3.988       1   0.88841
        6   8      -2045.1       0.815      -0.134       3.841       1   0.88427
        7   8      -2043.8       0.798      -0.125       3.844       1   0.88865
        8   8      -2045.2       0.740      -0.142       3.799       1   0.89535
        9   8      -2042.5       0.806      -0.112       3.817       1   0.88946
       10   8      -2038.4       0.799      -0.129       3.703       1   0.88783
       11   8      -2053.1       0.793      -0.143       3.925       1   0.88654
       12   8      -2052.2       0.759      -0.125       3.899       1   0.89494

 Cycle  10,  Fermi energy = -11.026 eV, Occupancy val abs =  1.260

 Cycle  10: Total energy =      -432584.8 eV, Delta energy =    435.167 >   4.800 eV
             Delta ch (  3) = 0.837, Ch =  2.390, Ch_p =  1.553, Weight = 0.02500, Mod_p =  0

      ipr   Z   Energy_Tot      Charge     Ch-Ch_i  pop_orb_val(L)   L    Radius
        1  22     -22925.3       1.567       0.276       1.179       2   1.21791
        2  22     -22929.4       1.626       0.301       1.260       2   1.21390
        3  22     -22926.6       1.574       0.287       1.227       2   1.21846
        4  22     -22985.7       1.603       0.272       1.272       2   1.21311
        5   8      -2059.2       0.763      -0.161       3.971       1   0.88841
        6   8      -2042.8       0.807      -0.143       3.826       1   0.88427
        7   8      -2042.8       0.789      -0.134       3.841       1   0.88865
        8   8      -2042.9       0.731      -0.150       3.784       1   0.89535
        9   8      -2045.3       0.796      -0.121       3.847       1   0.88946
       10   8      -2041.8       0.789      -0.139       3.740       1   0.88783
       11   8      -2051.4       0.783      -0.153       3.915       1   0.88654
       12   8      -2053.1       0.749      -0.135       3.912       1   0.89494

 Cycle  11,  Fermi energy = -10.870 eV, Occupancy val abs =  1.315

 Cycle  11: Total energy =      -432594.9 eV, Delta energy =    369.359 >   4.800 eV
             Delta ch (  3) = 0.766, Ch =  2.339, Ch_p =  1.574, Weight = 0.02500, Mod_p =  0

      ipr   Z   Energy_Tot      Charge     Ch-Ch_i  pop_orb_val(L)   L    Radius
        1  22     -22941.4       1.586       0.295       1.233       2   1.21791
        2  22     -22945.5       1.644       0.319       1.315       2   1.21390
        3  22     -22939.9       1.593       0.306       1.274       2   1.21846
        4  22     -22951.2       1.620       0.290       1.244       2   1.21311
        5   8      -2057.2       0.752      -0.172       3.958       1   0.88841
        6   8      -2040.2       0.798      -0.151       3.809       1   0.88427
        7   8      -2042.1       0.781      -0.142       3.839       1   0.88865
        8   8      -2044.7       0.723      -0.159       3.806       1   0.89535
        9   8      -2043.9       0.788      -0.130       3.840       1   0.88946
       10   8      -2039.6       0.780      -0.147       3.727       1   0.88783
       11   8      -2051.4       0.772      -0.164       3.920       1   0.88654
       12   8      -2051.6       0.739      -0.145       3.904       1   0.89494

 Cycle  12,  Fermi energy = -10.739 eV, Occupancy val abs =  1.366

 Cycle  12: Total energy =      -432722.7 eV, Delta energy =    374.325 >   4.800 eV
             Delta ch (  3) = 0.701, Ch =  2.294, Ch_p =  1.593, Weight = 0.02500, Mod_p =  0

      ipr   Z   Energy_Tot      Charge     Ch-Ch_i  pop_orb_val(L)   L    Radius
        1  22     -22955.5       1.603       0.311       1.283       2   1.21791
        2  22     -22959.9       1.661       0.336       1.366       2   1.21390
        3  22     -22951.8       1.610       0.323       1.318       2   1.21846
        4  22     -22973.4       1.635       0.304       1.311       2   1.21311
        5   8      -2055.4       0.742      -0.183       3.946       1   0.88841
        6   8      -2037.2       0.791      -0.158       3.785       1   0.88427
        7   8      -2038.4       0.773      -0.150       3.811       1   0.88865
        8   8      -2041.6       0.715      -0.167       3.782       1   0.89535
        9   8      -2038.2       0.780      -0.137       3.793       1   0.88946
       10   8      -2033.0       0.773      -0.155       3.672       1   0.88783
       11   8      -2049.2       0.762      -0.173       3.905       1   0.88654
       12   8      -2047.0       0.731      -0.153       3.868       1   0.89494

 Cycle  13,  Fermi energy = -10.623 eV, Occupancy val abs =  1.413

 Cycle  13: Total energy =      -432840.1 eV, Delta energy =    345.347 >   4.800 eV
             Delta ch (  3) = 0.640, Ch =  2.251, Ch_p =  1.610, Weight = 0.02500, Mod_p =  0

      ipr   Z   Energy_Tot      Charge     Ch-Ch_i  pop_orb_val(L)   L    Radius
        1  22     -22969.5       1.618       0.326       1.331       2   1.21791
        2  22     -22973.8       1.676       0.351       1.413       2   1.21390
        3  22     -22963.4       1.626       0.339       1.360       2   1.21846
        4  22     -22991.9       1.648       0.317       1.369       2   1.21311
        5   8      -2052.8       0.732      -0.192       3.927       1   0.88841
        6   8      -2033.9       0.784      -0.165       3.760       1   0.88427
        7   8      -2034.8       0.767      -0.156       3.783       1   0.88865
        8   8      -2037.8       0.708      -0.173       3.752       1   0.89535
        9   8      -2034.0       0.774      -0.144       3.760       1   0.88946
       10   8      -2028.8       0.767      -0.161       3.637       1   0.88783
       11   8      -2046.4       0.754      -0.182       3.885       1   0.88654
       12   8      -2043.0       0.723      -0.161       3.836       1   0.89494

 Cycle  14,  Fermi energy = -10.524 eV, Occupancy val abs =  1.461

 Cycle  14: Total energy =      -432963.8 eV, Delta energy =    359.860 >   4.800 eV
             Delta ch (  3) = 0.583, Ch =  2.210, Ch_p =  1.626, Weight = 0.02500, Mod_p =  0

      ipr   Z   Energy_Tot      Charge     Ch-Ch_i  pop_orb_val(L)   L    Radius
        1  22     -22981.9       1.631       0.340       1.374       2   1.21791
        2  22     -22990.1       1.690       0.365       1.461       2   1.21390
        3  22     -22974.2       1.641       0.354       1.399       2   1.21846
        4  22     -23012.9       1.658       0.327       1.432       2   1.21311
        5   8      -2049.6       0.723      -0.201       3.904       1   0.88841
        6   8      -2030.3       0.779      -0.171       3.731       1   0.88427
        7   8      -2031.1       0.761      -0.162       3.753       1   0.88865
        8   8      -2033.6       0.702      -0.179       3.717       1   0.89535
        9   8      -2030.2       0.768      -0.149       3.729       1   0.88946
       10   8      -2024.9       0.762      -0.166       3.606       1   0.88783
       11   8      -2043.2       0.745      -0.191       3.861       1   0.88654
       12   8      -2039.0       0.717      -0.167       3.804       1   0.89494

 Cycle  15,  Fermi energy = -10.436 eV, Occupancy val abs =  1.503

 Cycle  15: Total energy =      -433063.9 eV, Delta energy =    297.281 >   4.800 eV
             Delta ch (  3) = 0.526, Ch =  2.167, Ch_p =  1.641, Weight = 0.02500, Mod_p =  0

      ipr   Z   Energy_Tot      Charge     Ch-Ch_i  pop_orb_val(L)   L    Radius
        1  22     -22993.6       1.643       0.352       1.414       2   1.21791
        2  22     -23003.6       1.701       0.376       1.503       2   1.21390
        3  22     -22985.5       1.654       0.367       1.437       2   1.21846
        4  22     -23025.9       1.667       0.336       1.476       2   1.21311
        5   8      -2046.2       0.715      -0.209       3.878       1   0.88841
        6   8      -2027.0       0.774      -0.176       3.705       1   0.88427
        7   8      -2028.0       0.756      -0.167       3.729       1   0.88865
        8   8      -2030.2       0.697      -0.184       3.689       1   0.89535
        9   8      -2027.5       0.763      -0.154       3.708       1   0.88946
       10   8      -2022.5       0.757      -0.171       3.587       1   0.88783
       11   8      -2040.2       0.738      -0.198       3.838       1   0.88654
       12   8      -2035.7       0.711      -0.173       3.778       1   0.89494

 Cycle  16,  Fermi energy = -10.361 eV, Occupancy val abs =  1.541

 Cycle  16: Total energy =      -433158.7 eV, Delta energy =    280.740 >   4.800 eV
             Delta ch (  3) = 0.476, Ch =  2.130, Ch_p =  1.654, Weight = 0.02500, Mod_p =  0

      ipr   Z   Energy_Tot      Charge     Ch-Ch_i  pop_orb_val(L)   L    Radius
        1  22     -23008.6       1.654       0.362       1.456       2   1.21791
        2  22     -23015.8       1.711       0.386       1.541       2   1.21390
        3  22     -22995.1       1.666       0.379       1.470       2   1.21846
        4  22     -23036.1       1.674       0.344       1.512       2   1.21311
        5   8      -2042.9       0.708      -0.216       3.853       1   0.88841
        6   8      -2023.9       0.770      -0.180       3.681       1   0.88427
        7   8      -2025.2       0.752      -0.171       3.707       1   0.88865
        8   8      -2027.1       0.692      -0.189       3.665       1   0.89535
        9   8      -2024.9       0.759      -0.158       3.687       1   0.88946
       10   8      -2020.1       0.753      -0.175       3.567       1   0.88783
       11   8      -2037.3       0.731      -0.205       3.816       1   0.88654
       12   8      -2032.6       0.706      -0.178       3.753       1   0.89494

 Cycle  17,  Fermi energy = -10.289 eV, Occupancy val abs =  1.576

 Cycle  17: Total energy =      -433240.3 eV, Delta energy =    244.843 >   4.800 eV
             Delta ch (  3) = 0.428, Ch =  2.094, Ch_p =  1.666, Weight = 0.02500, Mod_p =  0

      ipr   Z   Energy_Tot      Charge     Ch-Ch_i  pop_orb_val(L)   L    Radius
        1  22     -23020.0       1.663       0.371       1.490       2   1.21791
        2  22     -23027.4       1.720       0.395       1.576       2   1.21390
        3  22     -23004.5       1.677       0.390       1.501       2   1.21846
        4  22     -23044.6       1.681       0.350       1.542       2   1.21311
        5   8      -2039.7       0.702      -0.223       3.828       1   0.88841
        6   8      -2021.2       0.766      -0.183       3.660       1   0.88427
        7   8      -2022.6       0.748      -0.175       3.686       1   0.88865
        8   8      -2024.3       0.689      -0.192       3.642       1   0.89535
        9   8      -2023.1       0.755      -0.162       3.674       1   0.88946
       10   8      -2018.3       0.750      -0.178       3.554       1   0.88783
       11   8      -2034.4       0.725      -0.211       3.794       1   0.88654
       12   8      -2030.2       0.702      -0.182       3.734       1   0.89494

 Cycle  18,  Fermi energy = -10.222 eV, Occupancy val abs =  1.607

 Cycle  18: Total energy =      -433296.4 eV, Delta energy =    179.424 >   4.800 eV
             Delta ch (  3) = 0.382, Ch =  2.059, Ch_p =  1.677, Weight = 0.02500, Mod_p =  0

      ipr   Z   Energy_Tot      Charge     Ch-Ch_i  pop_orb_val(L)   L    Radius
        1  22     -23025.2       1.671       0.380       1.513       2   1.21791
        2  22     -23037.6       1.728       0.402       1.607       2   1.21390
        3  22     -23013.5       1.686       0.399       1.530       2   1.21846
        4  22     -23049.5       1.687       0.356       1.563       2   1.21311
        5   8      -2036.9       0.696      -0.228       3.807       1   0.88841
        6   8      -2019.2       0.763      -0.186       3.644       1   0.88427
        7   8      -2020.8       0.745      -0.178       3.672       1   0.88865
        8   8      -2022.4       0.686      -0.196       3.627       1   0.89535
        9   8      -2021.7       0.752      -0.165       3.664       1   0.88946
       10   8      -2017.2       0.746      -0.182       3.546       1   0.88783
       11   8      -2031.9       0.720      -0.216       3.775       1   0.88654
       12   8      -2028.3       0.698      -0.186       3.720       1   0.89494

 Cycle  19,  Fermi energy = -10.165 eV, Occupancy val abs =  1.634

 Cycle  19: Total energy =      -433361.8 eV, Delta energy =    201.257 >   4.800 eV
             Delta ch (  3) = 0.339, Ch =  2.025, Ch_p =  1.686, Weight = 0.02500, Mod_p =  0

      ipr   Z   Energy_Tot      Charge     Ch-Ch_i  pop_orb_val(L)   L    Radius
        1  22     -23034.7       1.678       0.387       1.541       2   1.21791
        2  22     -23046.2       1.734       0.409       1.634       2   1.21390
        3  22     -23022.3       1.695       0.408       1.557       2   1.21846
        4  22     -23056.0       1.692       0.361       1.587       2   1.21311
        5   8      -2034.3       0.691      -0.233       3.788       1   0.88841
        6   8      -2017.2       0.760      -0.189       3.628       1   0.88427
        7   8      -2018.9       0.742      -0.181       3.658       1   0.88865
        8   8      -2020.6       0.683      -0.198       3.613       1   0.89535
        9   8      -2019.6       0.749      -0.168       3.647       1   0.88946
       10   8      -2015.1       0.743      -0.184       3.529       1   0.88783
       11   8      -2029.6       0.715      -0.221       3.758       1   0.88654
       12   8      -2026.0       0.695      -0.189       3.702       1   0.89494

 Cycle  20,  Fermi energy = -10.114 eV, Occupancy val abs =  1.657

 Cycle  20: Total energy =      -433417.2 eV, Delta energy =    174.326 >   4.800 eV
             Delta ch (  3) = 0.298, Ch =  1.993, Ch_p =  1.695, Weight = 0.02500, Mod_p =  0

      ipr   Z   Energy_Tot      Charge     Ch-Ch_i  pop_orb_val(L)   L    Radius
        1  22     -23042.8       1.684       0.393       1.565       2   1.21791
        2  22     -23053.4       1.739       0.414       1.657       2   1.21390
        3  22     -23030.5       1.702       0.415       1.580       2   1.21846
        4  22     -23061.3       1.696       0.365       1.605       2   1.21311
        5   8      -2031.9       0.687      -0.238       3.769       1   0.88841
        6   8      -2015.4       0.758      -0.191       3.615       1   0.88427
        7   8      -2017.2       0.740      -0.183       3.645       1   0.88865
        8   8      -2018.9       0.680      -0.201       3.599       1   0.89535
        9   8      -2018.0       0.747      -0.171       3.634       1   0.88946
       10   8      -2013.5       0.741      -0.187       3.518       1   0.88783
       11   8      -2027.4       0.711      -0.225       3.741       1   0.88654
       12   8      -2024.1       0.692      -0.192       3.687       1   0.89494

 Cycle  21,  Fermi energy = -10.063 eV, Occupancy val abs =  1.677

 Cycle  21: Total energy =      -433448.9 eV, Delta energy =    114.319 >   4.800 eV
             Delta ch (  3) = 0.278, Ch =  1.980, Ch_p =  1.702, Weight = 0.02500, Mod_p =  0

      ipr   Z   Energy_Tot      Charge     Ch-Ch_i  pop_orb_val(L)   L    Radius
        1  22     -23049.5       1.689       0.398       1.586       2   1.21791
        2  22     -23059.3       1.744       0.419       1.677       2   1.21390
        3  22     -23033.6       1.709       0.422       1.596       2   1.21846
        4  22     -23063.8       1.700       0.369       1.617       2   1.21311
        5   8      -2029.8       0.683      -0.242       3.754       1   0.88841
        6   8      -2014.2       0.756      -0.193       3.606       1   0.88427
        7   8      -2015.9       0.738      -0.186       3.636       1   0.88865
        8   8      -2017.7       0.678      -0.203       3.591       1   0.89535
        9   8      -2017.2       0.744      -0.173       3.629       1   0.88946
       10   8      -2012.8       0.739      -0.189       3.513       1   0.88783
       11   8      -2025.5       0.708      -0.228       3.726       1   0.88654
       12   8      -2022.9       0.690      -0.194       3.679       1   0.89494

 Cycle  22,  Fermi energy = -10.016 eV, Occupancy val abs =  1.686

 Cycle  22: Total energy =      -433475.4 eV, Delta energy =     97.717 >   4.800 eV
             Delta ch (  3) = 0.242, Ch =  1.951, Ch_p =  1.709, Weight = 0.02500, Mod_p =  0

      ipr   Z   Energy_Tot      Charge     Ch-Ch_i  pop_orb_val(L)   L    Radius
        1  22     -23051.7       1.694       0.403       1.597       2   1.21791
        2  22     -23061.1       1.749       0.423       1.686       2   1.21390
        3  22     -23040.9       1.715       0.428       1.616       2   1.21846
        4  22     -23068.0       1.703       0.372       1.632       2   1.21311
        5   8      -2028.1       0.679      -0.245       3.741       1   0.88841
        6   8      -2013.1       0.755      -0.195       3.598       1   0.88427
        7   8      -2014.9       0.736      -0.187       3.628       1   0.88865
        8   8      -2016.8       0.677      -0.205       3.584       1   0.89535
        9   8      -2016.3       0.742      -0.175       3.623       1   0.88946
       10   8      -2012.3       0.737      -0.191       3.510       1   0.88783
       11   8      -2023.9       0.704      -0.232       3.714       1   0.88654
       12   8      -2021.8       0.687      -0.197       3.671       1   0.89494

 Cycle  23,  Fermi energy =  -9.976 eV, Occupancy val abs =  1.704

 Cycle  23: Total energy =      -433510.3 eV, Delta energy =    120.014 >   4.800 eV
             Delta ch (  3) = 0.210, Ch =  1.926, Ch_p =  1.715, Weight = 0.02500, Mod_p =  0

      ipr   Z   Energy_Tot      Charge     Ch-Ch_i  pop_orb_val(L)   L    Radius
        1  22     -23057.8       1.698       0.407       1.614       2   1.21791
        2  22     -23066.5       1.752       0.427       1.704       2   1.21390
        3  22     -23047.2       1.720       0.433       1.634       2   1.21846
        4  22     -23069.6       1.706       0.375       1.640       2   1.21311
        5   8      -2026.4       0.676      -0.248       3.728       1   0.88841
        6   8      -2012.0       0.753      -0.196       3.590       1   0.88427
        7   8      -2013.9       0.734      -0.189       3.621       1   0.88865
        8   8      -2015.8       0.675      -0.206       3.576       1   0.89535
        9   8      -2014.9       0.740      -0.177       3.612       1   0.88946
       10   8      -2010.8       0.735      -0.193       3.498       1   0.88783
       11   8      -2022.4       0.701      -0.235       3.703       1   0.88654
       12   8      -2020.4       0.685      -0.199       3.660       1   0.89494

 Cycle  24,  Fermi energy =  -9.936 eV, Occupancy val abs =  1.710

 Cycle  24: Total energy =      -433520.0 eV, Delta energy =     53.258 >   4.800 eV
             Delta ch (  3) = 0.196, Ch =  1.917, Ch_p =  1.720, Weight = 0.02500, Mod_p =  0

      ipr   Z   Energy_Tot      Charge     Ch-Ch_i  pop_orb_val(L)   L    Radius
        1  22     -23059.1       1.702       0.411       1.622       2   1.21791
        2  22     -23067.5       1.756       0.431       1.710       2   1.21390
        3  22     -23049.2       1.725       0.438       1.643       2   1.21846
        4  22     -23073.1       1.709       0.378       1.652       2   1.21311
        5   8      -2025.1       0.673      -0.251       3.719       1   0.88841
        6   8      -2011.4       0.752      -0.197       3.587       1   0.88427
        7   8      -2013.3       0.733      -0.190       3.618       1   0.88865
        8   8      -2015.3       0.674      -0.208       3.573       1   0.89535
        9   8      -2014.4       0.739      -0.179       3.609       1   0.88946
       10   8      -2010.6       0.733      -0.195       3.498       1   0.88783
       11   8      -2021.3       0.699      -0.237       3.695       1   0.88654
       12   8      -2019.7       0.684      -0.200       3.655       1   0.89494

 Cycle  25,  Fermi energy =  -9.895 eV, Occupancy val abs =  1.716

 Cycle  25: Total energy =      -433522.9 eV, Delta energy =     34.430 >   4.800 eV
             Delta ch (  3) = 0.184, Ch =  1.909, Ch_p =  1.725, Weight = 0.02500, Mod_p =  0

      ipr   Z   Energy_Tot      Charge     Ch-Ch_i  pop_orb_val(L)   L    Radius
        1  22     -23060.3       1.705       0.414       1.629       2   1.21791
        2  22     -23068.3       1.759       0.434       1.716       2   1.21390
        3  22     -23050.9       1.730       0.443       1.652       2   1.21846
        4  22     -23074.1       1.711       0.380       1.657       2   1.21311
        5   8      -2024.0       0.671      -0.253       3.711       1   0.88841
        6   8      -2011.0       0.751      -0.199       3.584       1   0.88427
        7   8      -2013.0       0.731      -0.192       3.616       1   0.88865
        8   8      -2015.0       0.672      -0.209       3.572       1   0.89535
        9   8      -2014.2       0.737      -0.180       3.609       1   0.88946
       10   8      -2010.4       0.731      -0.196       3.498       1   0.88783
       11   8      -2020.3       0.696      -0.240       3.688       1   0.88654
       12   8      -2019.3       0.682      -0.202       3.654       1   0.89494

 Cycle  26,  Fermi energy =  -9.858 eV, Occupancy val abs =  1.721

 Cycle  26: Total energy =      -433533.6 eV, Delta energy =     54.615 >   4.800 eV
             Delta ch (  3) = 0.172, Ch =  1.902, Ch_p =  1.730, Weight = 0.02500, Mod_p =  0

      ipr   Z   Energy_Tot      Charge     Ch-Ch_i  pop_orb_val(L)   L    Radius
        1  22     -23065.6       1.708       0.417       1.643       2   1.21791
        2  22     -23069.0       1.762       0.437       1.721       2   1.21390
        3  22     -23052.4       1.734       0.447       1.660       2   1.21846
        4  22     -23074.8       1.713       0.382       1.662       2   1.21311
        5   8      -2022.9       0.669      -0.256       3.703       1   0.88841
        6   8      -2010.4       0.750      -0.200       3.580       1   0.88427
        7   8      -2012.4       0.730      -0.193       3.612       1   0.88865
        8   8      -2014.5       0.671      -0.210       3.570       1   0.89535
        9   8      -2013.6       0.736      -0.182       3.606       1   0.88946
       10   8      -2009.7       0.730      -0.198       3.494       1   0.88783
       11   8      -2019.4       0.694      -0.242       3.682       1   0.88654
       12   8      -2018.7       0.680      -0.204       3.650       1   0.89494

 Cycle  27,  Fermi energy =  -9.825 eV, Occupancy val abs =  1.735

 Cycle  27: Total energy =      -433549.8 eV, Delta energy =     68.111 >   4.800 eV
             Delta ch (  3) = 0.146, Ch =  1.880, Ch_p =  1.734, Weight = 0.02500, Mod_p =  0

      ipr   Z   Energy_Tot      Charge     Ch-Ch_i  pop_orb_val(L)   L    Radius
        1  22     -23065.9       1.711       0.420       1.647       2   1.21791
        2  22     -23073.5       1.765       0.439       1.735       2   1.21390
        3  22     -23057.6       1.738       0.451       1.673       2   1.21846
        4  22     -23075.3       1.715       0.385       1.666       2   1.21311
        5   8      -2021.8       0.667      -0.258       3.696       1   0.88841
        6   8      -2009.7       0.749      -0.201       3.576       1   0.88427
        7   8      -2011.7       0.729      -0.194       3.607       1   0.88865
        8   8      -2013.6       0.670      -0.212       3.563       1   0.89535
        9   8      -2013.0       0.734      -0.183       3.601       1   0.88946
       10   8      -2009.0       0.729      -0.199       3.488       1   0.88783
       11   8      -2018.4       0.692      -0.244       3.674       1   0.88654
       12   8      -2018.0       0.679      -0.205       3.645       1   0.89494

 Cycle  28,  Fermi energy =  -9.792 eV, Occupancy val abs =  1.737

 Cycle  28: Total energy =      -433552.4 eV, Delta energy =     31.243 >   4.800 eV
             Delta ch (  3) = 0.138, Ch =  1.876, Ch_p =  1.738, Weight = 0.02500, Mod_p =  0

      ipr   Z   Energy_Tot      Charge     Ch-Ch_i  pop_orb_val(L)   L    Radius
        1  22     -23066.4       1.714       0.423       1.650       2   1.21791
        2  22     -23073.7       1.767       0.442       1.737       2   1.21390
        3  22     -23058.5       1.741       0.454       1.678       2   1.21846
        4  22     -23078.0       1.717       0.386       1.673       2   1.21311
        5   8      -2021.1       0.665      -0.259       3.691       1   0.88841
        6   8      -2009.4       0.748      -0.201       3.575       1   0.88427
        7   8      -2011.3       0.728      -0.195       3.605       1   0.88865
        8   8      -2013.4       0.669      -0.213       3.562       1   0.89535
        9   8      -2012.4       0.733      -0.184       3.598       1   0.88946
       10   8      -2008.6       0.727      -0.200       3.486       1   0.88783
       11   8      -2017.7       0.691      -0.245       3.670       1   0.88654
       12   8      -2017.5       0.678      -0.206       3.642       1   0.89494

 Cycle  29,  Fermi energy =  -9.760 eV, Occupancy val abs =  1.739

 Cycle  29: Total energy =      -433548.3 eV, Delta energy =     12.851 >   4.800 eV
             Delta ch (  3) = 0.131, Ch =  1.872, Ch_p =  1.741, Weight = 0.02500, Mod_p =  0

      ipr   Z   Energy_Tot      Charge     Ch-Ch_i  pop_orb_val(L)   L    Radius
        1  22     -23066.7       1.716       0.425       1.654       2   1.21791
        2  22     -23073.7       1.769       0.444       1.739       2   1.21390
        3  22     -23059.1       1.745       0.458       1.682       2   1.21846
        4  22     -23078.1       1.719       0.388       1.675       2   1.21311
        5   8      -2020.5       0.663      -0.261       3.687       1   0.88841
        6   8      -2009.1       0.747      -0.202       3.574       1   0.88427
        7   8      -2011.1       0.727      -0.196       3.605       1   0.88865
        8   8      -2013.4       0.668      -0.214       3.563       1   0.89535
        9   8      -2012.2       0.732      -0.186       3.597       1   0.88946
       10   8      -2008.6       0.726      -0.202       3.487       1   0.88783
       11   8      -2017.3       0.689      -0.247       3.667       1   0.88654
       12   8      -2017.2       0.677      -0.207       3.641       1   0.89494

 Cycle  30,  Fermi energy =  -9.729 eV, Occupancy val abs =  1.741

 Cycle  30: Total energy =      -433544.1 eV, Delta energy =     12.015 >   4.800 eV
             Delta ch (  3) = 0.124, Ch =  1.868, Ch_p =  1.745, Weight = 0.02500, Mod_p =  0

      ipr   Z   Energy_Tot      Charge     Ch-Ch_i  pop_orb_val(L)   L    Radius
        1  22     -23067.0       1.719       0.427       1.657       2   1.21791
        2  22     -23073.7       1.771       0.446       1.741       2   1.21390
        3  22     -23059.7       1.748       0.461       1.686       2   1.21846
        4  22     -23078.1       1.720       0.389       1.677       2   1.21311
        5   8      -2020.0       0.662      -0.263       3.684       1   0.88841
        6   8      -2008.9       0.746      -0.203       3.573       1   0.88427
        7   8      -2011.0       0.726      -0.197       3.605       1   0.88865
        8   8      -2013.3       0.667      -0.215       3.563       1   0.89535
        9   8      -2012.0       0.731      -0.187       3.597       1   0.88946
       10   8      -2008.4       0.725      -0.203       3.488       1   0.88783
       11   8      -2016.9       0.687      -0.248       3.665       1   0.88654
       12   8      -2016.9       0.675      -0.208       3.640       1   0.89494

 Cycle  31,  Fermi energy =  -9.700 eV, Occupancy val abs =  1.743

 Cycle  31: Total energy =      -433539.9 eV, Delta energy =     11.005 >   4.800 eV
             Delta ch (  3) = 0.118, Ch =  1.865, Ch_p =  1.748, Weight = 0.02500, Mod_p =  0

      ipr   Z   Energy_Tot      Charge     Ch-Ch_i  pop_orb_val(L)   L    Radius
        1  22     -23067.3       1.721       0.430       1.659       2   1.21791
        2  22     -23073.8       1.773       0.448       1.743       2   1.21390
        3  22     -23060.2       1.751       0.464       1.690       2   1.21846
        4  22     -23078.1       1.722       0.391       1.679       2   1.21311
        5   8      -2019.5       0.661      -0.264       3.681       1   0.88841
        6   8      -2008.7       0.746      -0.204       3.572       1   0.88427
        7   8      -2010.8       0.725      -0.198       3.605       1   0.88865
        8   8      -2013.1       0.666      -0.216       3.564       1   0.89535
        9   8      -2011.8       0.730      -0.188       3.596       1   0.88946
       10   8      -2008.3       0.724      -0.204       3.488       1   0.88783
       11   8      -2016.6       0.686      -0.250       3.663       1   0.88654
       12   8      -2016.7       0.674      -0.210       3.639       1   0.89494

 Cycle  32,  Fermi energy =  -9.671 eV, Occupancy val abs =  1.745

 Cycle  32: Total energy =      -433534.3 eV, Delta energy =      9.051 >   4.800 eV
             Delta ch (  3) = 0.112, Ch =  1.862, Ch_p =  1.751, Weight = 0.02500, Mod_p =  0

      ipr   Z   Energy_Tot      Charge     Ch-Ch_i  pop_orb_val(L)   L    Radius
        1  22     -23067.4       1.723       0.432       1.662       2   1.21791
        2  22     -23073.8       1.775       0.450       1.745       2   1.21390
        3  22     -23060.5       1.753       0.466       1.693       2   1.21846
        4  22     -23078.1       1.723       0.392       1.680       2   1.21311
        5   8      -2019.1       0.659      -0.265       3.679       1   0.88841
        6   8      -2008.5       0.745      -0.204       3.572       1   0.88427
        7   8      -2010.7       0.724      -0.199       3.604       1   0.88865
        8   8      -2013.0       0.665      -0.217       3.563       1   0.89535
        9   8      -2011.6       0.729      -0.189       3.596       1   0.88946
       10   8      -2008.1       0.723      -0.205       3.487       1   0.88783
       11   8      -2016.3       0.685      -0.251       3.662       1   0.88654
       12   8      -2016.4       0.673      -0.211       3.638       1   0.89494

 Cycle  33,  Fermi energy =  -9.646 eV, Occupancy val abs =  1.746

 Cycle  33: Total energy =      -433537.7 eV, Delta energy =     32.813 >   4.800 eV
             Delta ch (  3) = 0.090, Ch =  1.843, Ch_p =  1.753, Weight = 0.02500, Mod_p =  0

      ipr   Z   Energy_Tot      Charge     Ch-Ch_i  pop_orb_val(L)   L    Radius
        1  22     -23067.6       1.725       0.434       1.664       2   1.21791
        2  22     -23073.5       1.777       0.452       1.746       2   1.21390
        3  22     -23065.0       1.756       0.469       1.702       2   1.21846
        4  22     -23078.0       1.724       0.394       1.681       2   1.21311
        5   8      -2018.7       0.658      -0.266       3.676       1   0.88841
        6   8      -2008.2       0.744      -0.205       3.570       1   0.88427
        7   8      -2010.3       0.723      -0.200       3.603       1   0.88865
        8   8      -2012.6       0.664      -0.217       3.561       1   0.89535
        9   8      -2011.2       0.728      -0.190       3.593       1   0.88946
       10   8      -2007.6       0.722      -0.206       3.484       1   0.88783
       11   8      -2015.9       0.683      -0.253       3.660       1   0.88654
       12   8      -2016.0       0.672      -0.211       3.635       1   0.89494

 Cycle  34,  Fermi energy =  -9.620 eV, Occupancy val abs =  1.747

 Cycle  34: Total energy =      -433532.6 eV, Delta energy =      7.230 >   4.800 eV
             Delta ch (  3) = 0.086, Ch =  1.842, Ch_p =  1.756, Weight = 0.02500, Mod_p =  0

      ipr   Z   Energy_Tot      Charge     Ch-Ch_i  pop_orb_val(L)   L    Radius
        1  22     -23067.8       1.727       0.436       1.666       2   1.21791
        2  22     -23073.5       1.779       0.454       1.747       2   1.21390
        3  22     -23064.9       1.758       0.471       1.703       2   1.21846
        4  22     -23078.0       1.726       0.395       1.682       2   1.21311
        5   8      -2018.4       0.657      -0.268       3.675       1   0.88841
        6   8      -2008.1       0.744      -0.206       3.570       1   0.88427
        7   8      -2010.2       0.722      -0.201       3.603       1   0.88865
        8   8      -2012.6       0.663      -0.218       3.562       1   0.89535
        9   8      -2010.9       0.727      -0.191       3.592       1   0.88946
       10   8      -2007.2       0.721      -0.207       3.482       1   0.88783
       11   8      -2015.6       0.682      -0.254       3.658       1   0.88654
       12   8      -2015.8       0.672      -0.212       3.635       1   0.89494

 Cycle  35,  Fermi energy =  -9.597 eV, Occupancy val abs =  1.748

 Cycle  35: Total energy =      -433535.1 eV, Delta energy =     32.432 >   4.800 eV
             Delta ch (  3) = 0.084, Ch =  1.841, Ch_p =  1.758, Weight = 0.02500, Mod_p =  0

      ipr   Z   Energy_Tot      Charge     Ch-Ch_i  pop_orb_val(L)   L    Radius
        1  22     -23072.2       1.729       0.437       1.676       2   1.21791
        2  22     -23073.4       1.781       0.456       1.748       2   1.21390
        3  22     -23064.7       1.760       0.473       1.704       2   1.21846
        4  22     -23077.7       1.727       0.396       1.683       2   1.21311
        5   8      -2018.1       0.656      -0.269       3.673       1   0.88841
        6   8      -2007.9       0.743      -0.206       3.569       1   0.88427
        7   8      -2009.9       0.722      -0.201       3.601       1   0.88865
        8   8      -2012.2       0.662      -0.219       3.560       1   0.89535
        9   8      -2010.4       0.726      -0.191       3.588       1   0.88946
       10   8      -2006.7       0.720      -0.208       3.478       1   0.88783
       11   8      -2015.3       0.681      -0.255       3.656       1   0.88654
       12   8      -2015.4       0.671      -0.213       3.632       1   0.89494

 Cycle  36,  Fermi energy =  -9.574 eV, Occupancy val abs =  1.758

 Cycle  36: Total energy =      -433532.5 eV, Delta energy =     30.013 >   4.800 eV
             Delta ch (  3) = 0.083, Ch =  1.843, Ch_p =  1.760, Weight = 0.02500, Mod_p =  0

      ipr   Z   Energy_Tot      Charge     Ch-Ch_i  pop_orb_val(L)   L    Radius
        1  22     -23071.1       1.730       0.439       1.675       2   1.21791
        2  22     -23076.8       1.782       0.457       1.758       2   1.21390
        3  22     -23064.1       1.762       0.475       1.704       2   1.21846
        4  22     -23077.3       1.728       0.397       1.683       2   1.21311
        5   8      -2017.8       0.655      -0.269       3.670       1   0.88841
        6   8      -2007.7       0.743      -0.207       3.569       1   0.88427
        7   8      -2009.6       0.721      -0.202       3.599       1   0.88865
        8   8      -2011.7       0.661      -0.220       3.556       1   0.89535
        9   8      -2010.4       0.725      -0.192       3.589       1   0.88946
       10   8      -2006.6       0.719      -0.208       3.478       1   0.88783
       11   8      -2014.8       0.680      -0.256       3.652       1   0.88654
       12   8      -2015.3       0.670      -0.214       3.632       1   0.89494

 Cycle  37,  Fermi energy =  -9.550 eV, Occupancy val abs =  1.748

 Cycle  37: Total energy =      -433519.0 eV, Delta energy =     22.520 >   4.800 eV
             Delta ch (  3) = 0.078, Ch =  1.840, Ch_p =  1.762, Weight = 0.02500, Mod_p =  0

      ipr   Z   Energy_Tot      Charge     Ch-Ch_i  pop_orb_val(L)   L    Radius
        1  22     -23071.2       1.731       0.440       1.676       2   1.21791
        2  22     -23072.4       1.784       0.459       1.748       2   1.21390
        3  22     -23064.4       1.764       0.477       1.706       2   1.21846
        4  22     -23077.3       1.729       0.398       1.684       2   1.21311
        5   8      -2017.7       0.654      -0.270       3.671       1   0.88841
        6   8      -2007.7       0.742      -0.207       3.570       1   0.88427
        7   8      -2009.6       0.720      -0.203       3.601       1   0.88865
        8   8      -2011.9       0.661      -0.220       3.558       1   0.89535
        9   8      -2010.5       0.725      -0.193       3.591       1   0.88946
       10   8      -2007.1       0.718      -0.209       3.483       1   0.88783
       11   8      -2014.7       0.679      -0.257       3.653       1   0.88654
       12   8      -2015.3       0.669      -0.215       3.633       1   0.89494

 Cycle  38,  Fermi energy =  -9.530 eV, Occupancy val abs =  1.759

 Cycle  38: Total energy =      -433520.6 eV, Delta energy =     30.127 >   4.800 eV
             Delta ch (  3) = 0.076, Ch =  1.840, Ch_p =  1.764, Weight = 0.02500, Mod_p =  0

      ipr   Z   Energy_Tot      Charge     Ch-Ch_i  pop_orb_val(L)   L    Radius
        1  22     -23070.7       1.733       0.441       1.676       2   1.21791
        2  22     -23076.4       1.785       0.460       1.759       2   1.21390
        3  22     -23064.2       1.766       0.479       1.707       2   1.21846
        4  22     -23077.1       1.730       0.399       1.684       2   1.21311
        5   8      -2017.4       0.653      -0.271       3.669       1   0.88841
        6   8      -2007.5       0.742      -0.208       3.569       1   0.88427
        7   8      -2009.4       0.720      -0.203       3.599       1   0.88865
        8   8      -2011.5       0.660      -0.221       3.556       1   0.89535
        9   8      -2010.1       0.724      -0.194       3.589       1   0.88946
       10   8      -2006.5       0.718      -0.210       3.479       1   0.88783
       11   8      -2014.4       0.678      -0.258       3.651       1   0.88654
       12   8      -2015.0       0.669      -0.215       3.632       1   0.89494

 Cycle  39,  Fermi energy =  -9.507 eV, Occupancy val abs =  1.748

 Cycle  39: Total energy =      -433505.9 eV, Delta energy =     23.373 >   4.800 eV
             Delta ch (  3) = 0.073, Ch =  1.839, Ch_p =  1.766, Weight = 0.02500, Mod_p =  0

      ipr   Z   Energy_Tot      Charge     Ch-Ch_i  pop_orb_val(L)   L    Radius
        1  22     -23070.6       1.734       0.443       1.676       2   1.21791
        2  22     -23071.9       1.787       0.462       1.748       2   1.21390
        3  22     -23064.2       1.768       0.481       1.708       2   1.21846
        4  22     -23077.1       1.731       0.400       1.685       2   1.21311
        5   8      -2017.4       0.652      -0.272       3.669       1   0.88841
        6   8      -2007.6       0.741      -0.208       3.570       1   0.88427
        7   8      -2009.4       0.719      -0.204       3.601       1   0.88865
        8   8      -2011.7       0.660      -0.222       3.559       1   0.89535
        9   8      -2010.3       0.723      -0.194       3.592       1   0.88946
       10   8      -2006.9       0.717      -0.211       3.484       1   0.88783
       11   8      -2014.4       0.677      -0.259       3.651       1   0.88654
       12   8      -2015.1       0.668      -0.216       3.634       1   0.89494

 Cycle  40,  Fermi energy =  -9.486 eV, Occupancy val abs =  1.760

 Cycle  40: Total energy =      -433499.4 eV, Delta energy =     39.241 >   4.800 eV
             Delta ch (  3) = 0.087, Ch =  1.855, Ch_p =  1.768, Weight = 0.02500, Mod_p =  0

      ipr   Z   Energy_Tot      Charge     Ch-Ch_i  pop_orb_val(L)   L    Radius
        1  22     -23070.3       1.735       0.444       1.676       2   1.21791
        2  22     -23076.0       1.788       0.463       1.760       2   1.21390
        3  22     -23060.0       1.770       0.483       1.702       2   1.21846
        4  22     -23076.9       1.732       0.401       1.686       2   1.21311
        5   8      -2017.2       0.652      -0.273       3.669       1   0.88841
        6   8      -2007.5       0.741      -0.209       3.570       1   0.88427
        7   8      -2009.4       0.718      -0.205       3.601       1   0.88865
        8   8      -2011.6       0.659      -0.222       3.558       1   0.89535
        9   8      -2010.2       0.722      -0.195       3.592       1   0.88946
       10   8      -2006.6       0.716      -0.212       3.482       1   0.88783
       11   8      -2014.2       0.677      -0.259       3.651       1   0.88654
       12   8      -2015.1       0.667      -0.217       3.634       1   0.89494

 Cycle  41,  Fermi energy =  -9.468 eV, Occupancy val abs =  1.759

 Cycle  41: Total energy =      -433501.5 eV, Delta energy =     31.647 >   4.800 eV
             Delta ch (  3) = 0.067, Ch =  1.837, Ch_p =  1.770, Weight = 0.02500, Mod_p =  0

      ipr   Z   Energy_Tot      Charge     Ch-Ch_i  pop_orb_val(L)   L    Radius
        1  22     -23069.9       1.737       0.445       1.676       2   1.21791
        2  22     -23075.3       1.789       0.464       1.759       2   1.21390
        3  22     -23064.2       1.772       0.485       1.710       2   1.21846
        4  22     -23076.5       1.733       0.402       1.685       2   1.21311
        5   8      -2016.9       0.651      -0.274       3.667       1   0.88841
        6   8      -2007.2       0.740      -0.209       3.568       1   0.88427
        7   8      -2009.0       0.718      -0.205       3.598       1   0.88865
        8   8      -2011.2       0.658      -0.223       3.556       1   0.89535
        9   8      -2010.0       0.722      -0.196       3.590       1   0.88946
       10   8      -2006.5       0.715      -0.212       3.482       1   0.88783
       11   8      -2014.0       0.676      -0.260       3.650       1   0.88654
       12   8      -2014.7       0.667      -0.217       3.632       1   0.89494

 Cycle  42,  Fermi energy =  -9.447 eV, Occupancy val abs =  1.748

 Cycle  42: Total energy =      -433487.5 eV, Delta energy =     22.888 >   4.800 eV
             Delta ch (  3) = 0.064, Ch =  1.836, Ch_p =  1.772, Weight = 0.02500, Mod_p =  0

      ipr   Z   Energy_Tot      Charge     Ch-Ch_i  pop_orb_val(L)   L    Radius
        1  22     -23069.8       1.738       0.447       1.676       2   1.21791
        2  22     -23070.9       1.791       0.465       1.748       2   1.21390
        3  22     -23064.1       1.773       0.486       1.711       2   1.21846
        4  22     -23076.5       1.734       0.403       1.686       2   1.21311
        5   8      -2017.0       0.650      -0.274       3.668       1   0.88841
        6   8      -2007.3       0.740      -0.209       3.570       1   0.88427
        7   8      -2009.1       0.717      -0.206       3.600       1   0.88865
        8   8      -2011.5       0.658      -0.223       3.559       1   0.89535
        9   8      -2010.1       0.721      -0.196       3.592       1   0.88946
       10   8      -2006.7       0.715      -0.213       3.484       1   0.88783
       11   8      -2014.1       0.675      -0.261       3.651       1   0.88654
       12   8      -2014.8       0.666      -0.218       3.634       1   0.89494

 Cycle  43,  Fermi energy =  -9.429 eV, Occupancy val abs =  1.759

 Cycle  43: Total energy =      -433489.9 eV, Delta energy =     29.906 >   4.800 eV
             Delta ch (  3) = 0.063, Ch =  1.836, Ch_p =  1.773, Weight = 0.02500, Mod_p =  0

      ipr   Z   Energy_Tot      Charge     Ch-Ch_i  pop_orb_val(L)   L    Radius
        1  22     -23069.4       1.739       0.448       1.676       2   1.21791
        2  22     -23074.9       1.792       0.466       1.759       2   1.21390
        3  22     -23063.8       1.775       0.488       1.711       2   1.21846
        4  22     -23076.3       1.735       0.404       1.686       2   1.21311
        5   8      -2016.7       0.649      -0.275       3.667       1   0.88841
        6   8      -2007.1       0.740      -0.210       3.569       1   0.88427
        7   8      -2008.9       0.717      -0.206       3.599       1   0.88865
        8   8      -2011.2       0.657      -0.224       3.557       1   0.89535
        9   8      -2009.7       0.720      -0.197       3.589       1   0.88946
       10   8      -2006.0       0.714      -0.214       3.479       1   0.88783
       11   8      -2013.8       0.674      -0.262       3.650       1   0.88654
       12   8      -2014.5       0.665      -0.219       3.632       1   0.89494

 Cycle  44,  Fermi energy =  -9.412 eV, Occupancy val abs =  1.759

 Cycle  44: Total energy =      -433483.7 eV, Delta energy =      6.353 >   4.800 eV
             Delta ch (  3) = 0.061, Ch =  1.836, Ch_p =  1.775, Weight = 0.02500, Mod_p =  0

      ipr   Z   Energy_Tot      Charge     Ch-Ch_i  pop_orb_val(L)   L    Radius
        1  22     -23069.3       1.740       0.449       1.676       2   1.21791
        2  22     -23074.4       1.793       0.467       1.759       2   1.21390
        3  22     -23063.7       1.776       0.489       1.711       2   1.21846
        4  22     -23076.1       1.736       0.405       1.686       2   1.21311
        5   8      -2016.7       0.649      -0.276       3.667       1   0.88841
        6   8      -2007.0       0.739      -0.210       3.569       1   0.88427
        7   8      -2008.8       0.716      -0.207       3.599       1   0.88865
        8   8      -2011.2       0.657      -0.225       3.558       1   0.89535
        9   8      -2009.6       0.720      -0.198       3.589       1   0.88946
       10   8      -2006.1       0.713      -0.214       3.480       1   0.88783
       11   8      -2013.8       0.674      -0.262       3.649       1   0.88654
       12   8      -2014.4       0.665      -0.219       3.632       1   0.89494

 Cycle  45,  Fermi energy =  -9.392 eV, Occupancy val abs =  1.748

 Cycle  45: Total energy =      -433469.9 eV, Delta energy =     23.913 >   4.800 eV
             Delta ch (  3) = 0.059, Ch =  1.835, Ch_p =  1.776, Weight = 0.02500, Mod_p =  0

      ipr   Z   Energy_Tot      Charge     Ch-Ch_i  pop_orb_val(L)   L    Radius
        1  22     -23069.2       1.741       0.450       1.677       2   1.21791
        2  22     -23070.0       1.794       0.469       1.748       2   1.21390
        3  22     -23063.6       1.778       0.491       1.712       2   1.21846
        4  22     -23076.0       1.737       0.406       1.687       2   1.21311
        5   8      -2016.7       0.648      -0.276       3.668       1   0.88841
        6   8      -2007.1       0.739      -0.211       3.570       1   0.88427
        7   8      -2008.9       0.716      -0.207       3.601       1   0.88865
        8   8      -2011.4       0.656      -0.225       3.560       1   0.89535
        9   8      -2009.8       0.719      -0.198       3.592       1   0.88946
       10   8      -2006.4       0.713      -0.215       3.484       1   0.88783
       11   8      -2013.8       0.673      -0.263       3.651       1   0.88654
       12   8      -2014.6       0.664      -0.220       3.634       1   0.89494

 Cycle  46,  Fermi energy =  -9.375 eV, Occupancy val abs =  1.749

 Cycle  46: Total energy =      -433464.7 eV, Delta energy =      5.341 >   4.800 eV
             Delta ch (  3) = 0.057, Ch =  1.835, Ch_p =  1.778, Weight = 0.02500, Mod_p =  0

      ipr   Z   Energy_Tot      Charge     Ch-Ch_i  pop_orb_val(L)   L    Radius
        1  22     -23068.9       1.742       0.451       1.677       2   1.21791
        2  22     -23070.0       1.795       0.470       1.749       2   1.21390
        3  22     -23063.4       1.779       0.492       1.712       2   1.21846
        4  22     -23075.8       1.738       0.407       1.687       2   1.21311
        5   8      -2016.6       0.647      -0.277       3.667       1   0.88841
        6   8      -2007.1       0.738      -0.211       3.571       1   0.88427
        7   8      -2008.9       0.715      -0.208       3.601       1   0.88865
        8   8      -2011.3       0.655      -0.226       3.560       1   0.89535
        9   8      -2009.7       0.719      -0.199       3.592       1   0.88946
       10   8      -2006.2       0.712      -0.216       3.483       1   0.88783
       11   8      -2013.7       0.672      -0.264       3.650       1   0.88654
       12   8      -2014.6       0.663      -0.220       3.635       1   0.89494

 Cycle  47,  Fermi energy =  -9.355 eV, Occupancy val abs =  1.750

 Cycle  47: Total energy =      -433451.2 eV, Delta energy =     23.276 >   4.800 eV
             Delta ch (  1) = 0.060, Ch =  1.802, Ch_p =  1.742, Weight = 0.02500, Mod_p =  0

      ipr   Z   Energy_Tot      Charge     Ch-Ch_i  pop_orb_val(L)   L    Radius
        1  22     -23064.5       1.744       0.453       1.669       2   1.21791
        2  22     -23070.1       1.797       0.471       1.750       2   1.21390
        3  22     -23063.3       1.781       0.494       1.712       2   1.21846
        4  22     -23075.7       1.738       0.408       1.687       2   1.21311
        5   8      -2016.6       0.647      -0.278       3.668       1   0.88841
        6   8      -2007.2       0.738      -0.211       3.572       1   0.88427
        7   8      -2009.1       0.715      -0.208       3.604       1   0.88865
        8   8      -2011.4       0.655      -0.226       3.562       1   0.89535
        9   8      -2009.9       0.718      -0.199       3.595       1   0.88946
       10   8      -2006.4       0.711      -0.217       3.486       1   0.88783
       11   8      -2013.7       0.672      -0.264       3.651       1   0.88654
       12   8      -2014.8       0.663      -0.221       3.637       1   0.89494

 Cycle  48,  Fermi energy =  -9.336 eV, Occupancy val abs =  1.751

 Cycle  48: Total energy =      -433439.4 eV, Delta energy =     22.232 >   4.800 eV
             Delta ch (  3) = 0.069, Ch =  1.850, Ch_p =  1.781, Weight = 0.02500, Mod_p =  0

      ipr   Z   Energy_Tot      Charge     Ch-Ch_i  pop_orb_val(L)   L    Radius
        1  22     -23064.9       1.745       0.454       1.671       2   1.21791
        2  22     -23070.2       1.798       0.473       1.751       2   1.21390
        3  22     -23059.2       1.782       0.495       1.706       2   1.21846
        4  22     -23075.7       1.739       0.408       1.688       2   1.21311
        5   8      -2016.7       0.646      -0.278       3.669       1   0.88841
        6   8      -2007.2       0.737      -0.212       3.574       1   0.88427
        7   8      -2009.2       0.714      -0.209       3.606       1   0.88865
        8   8      -2011.8       0.654      -0.227       3.566       1   0.89535
        9   8      -2009.9       0.717      -0.200       3.596       1   0.88946
       10   8      -2006.4       0.711      -0.217       3.486       1   0.88783
       11   8      -2013.9       0.671      -0.265       3.653       1   0.88654
       12   8      -2014.8       0.662      -0.222       3.638       1   0.89494

 Cycle  49,  Fermi energy =  -9.322 eV, Occupancy val abs =  1.752

 Cycle  49: Total energy =      -433444.1 eV, Delta energy =     28.323 >   4.800 eV
             Delta ch (  1) = 0.053, Ch =  1.799, Ch_p =  1.745, Weight = 0.02500, Mod_p =  0

      ipr   Z   Energy_Tot      Charge     Ch-Ch_i  pop_orb_val(L)   L    Radius
        1  22     -23065.0       1.747       0.455       1.672       2   1.21791
        2  22     -23070.1       1.799       0.474       1.752       2   1.21390
        3  22     -23063.2       1.783       0.497       1.714       2   1.21846
        4  22     -23075.3       1.740       0.409       1.687       2   1.21311
        5   8      -2016.5       0.646      -0.279       3.668       1   0.88841
        6   8      -2006.9       0.737      -0.212       3.571       1   0.88427
        7   8      -2008.9       0.714      -0.209       3.603       1   0.88865
        8   8      -2011.4       0.654      -0.228       3.563       1   0.89535
        9   8      -2009.6       0.717      -0.201       3.593       1   0.88946
       10   8      -2006.0       0.710      -0.218       3.483       1   0.88783
       11   8      -2013.8       0.670      -0.266       3.653       1   0.88654
       12   8      -2014.4       0.662      -0.222       3.636       1   0.89494

 Cycle  50,  Fermi energy =  -9.304 eV, Occupancy val abs =  1.753

 Cycle  50: Total energy =      -433432.1 eV, Delta energy =     21.111 >   4.800 eV
             Delta ch (  3) = 0.065, Ch =  1.848, Ch_p =  1.783, Weight = 0.02500, Mod_p =  0

      ipr   Z   Energy_Tot      Charge     Ch-Ch_i  pop_orb_val(L)   L    Radius
        1  22     -23065.3       1.748       0.457       1.674       2   1.21791
        2  22     -23070.1       1.800       0.475       1.753       2   1.21390
        3  22     -23059.1       1.785       0.498       1.708       2   1.21846
        4  22     -23075.2       1.741       0.410       1.688       2   1.21311
        5   8      -2016.5       0.645      -0.279       3.669       1   0.88841
        6   8      -2007.0       0.737      -0.213       3.573       1   0.88427
        7   8      -2009.0       0.713      -0.210       3.605       1   0.88865
        8   8      -2011.6       0.653      -0.228       3.566       1   0.89535
        9   8      -2009.7       0.716      -0.201       3.595       1   0.88946
       10   8      -2006.1       0.709      -0.218       3.485       1   0.88783
       11   8      -2013.9       0.669      -0.267       3.654       1   0.88654
       12   8      -2014.5       0.661      -0.223       3.637       1   0.89494

 Cycle  51,  Fermi energy =  -9.290 eV, Occupancy val abs =  1.753

 Cycle  51: Total energy =      -433436.6 eV, Delta energy =     27.355 >   4.800 eV
             Delta ch (  1) = 0.048, Ch =  1.796, Ch_p =  1.748, Weight = 0.02500, Mod_p =  0
                                                            Next weight = 0.01250

      ipr   Z   Energy_Tot      Charge     Ch-Ch_i  pop_orb_val(L)   L    Radius
        1  22     -23065.3       1.748       0.457       1.675       2   1.21791
        2  22     -23069.9       1.801       0.476       1.753       2   1.21390
        3  22     -23063.1       1.786       0.499       1.715       2   1.21846
        4  22     -23074.8       1.741       0.410       1.687       2   1.21311
        5   8      -2016.3       0.645      -0.280       3.667       1   0.88841
        6   8      -2006.7       0.737      -0.213       3.571       1   0.88427
        7   8      -2008.7       0.713      -0.210       3.602       1   0.88865
        8   8      -2011.2       0.653      -0.228       3.563       1   0.89535
        9   8      -2009.4       0.716      -0.202       3.593       1   0.88946
       10   8      -2005.8       0.709      -0.219       3.483       1   0.88783
       11   8      -2013.7       0.669      -0.267       3.653       1   0.88654
       12   8      -2014.2       0.661      -0.223       3.635       1   0.89494

 Cycle  52,  Fermi energy =  -9.280 eV, Occupancy val abs =  1.753

 Cycle  52: Total energy =      -433426.5 eV, Delta energy =     21.505 >   4.800 eV
             Delta ch (  3) = 0.061, Ch =  1.847, Ch_p =  1.786, Weight = 0.01250, Mod_p =  0

      ipr   Z   Energy_Tot      Charge     Ch-Ch_i  pop_orb_val(L)   L    Radius
        1  22     -23065.5       1.749       0.458       1.676       2   1.21791
        2  22     -23070.0       1.801       0.476       1.753       2   1.21390
        3  22     -23059.2       1.786       0.500       1.709       2   1.21846
        4  22     -23074.9       1.741       0.410       1.688       2   1.21311
        5   8      -2016.4       0.644      -0.280       3.668       1   0.88841
        6   8      -2006.8       0.736      -0.213       3.572       1   0.88427
        7   8      -2008.8       0.713      -0.210       3.604       1   0.88865
        8   8      -2011.4       0.652      -0.229       3.565       1   0.89535
        9   8      -2009.6       0.716      -0.202       3.595       1   0.88946
       10   8      -2006.0       0.709      -0.219       3.485       1   0.88783
       11   8      -2013.7       0.669      -0.267       3.654       1   0.88654
       12   8      -2014.4       0.660      -0.223       3.637       1   0.89494

 Cycle  53,  Fermi energy =  -9.273 eV, Occupancy val abs =  1.753

 Cycle  53: Total energy =      -433424.7 eV, Delta energy =      2.501 <   4.800 eV,  Weight = 0.01250. Converged !

      ipr   Z   Energy_Tot      Charge     Ch-Ch_i  pop_orb_val(L)   L    Radius
        1  22     -23065.5       1.750       0.458       1.676       2   1.21791
        2  22     -23069.9       1.802       0.477       1.753       2   1.21390
        3  22     -23059.2       1.787       0.500       1.710       2   1.21846
        4  22     -23074.7       1.742       0.411       1.688       2   1.21311
        5   8      -2016.3       0.644      -0.280       3.668       1   0.88841
        6   8      -2006.8       0.736      -0.213       3.572       1   0.88427
        7   8      -2008.8       0.712      -0.211       3.604       1   0.88865
        8   8      -2011.3       0.652      -0.229       3.564       1   0.89535
        9   8      -2009.6       0.715      -0.202       3.595       1   0.88946
       10   8      -2006.0       0.708      -0.219       3.486       1   0.88783
       11   8      -2013.7       0.668      -0.268       3.654       1   0.88654
       12   8      -2014.3       0.660      -0.224       3.637       1   0.89494

  ia   Z  it  igr ipr iap     posx      posy      posz   igrpt PtGrName Comp  Axe  Mag
   1  22   0    7   0   1   0.00000   0.00000   0.00000    3      m       F    T    F
   2   8   2   23   6   2  -0.42360   1.85860   0.00000    3      m       F    F    F
   3   8   2   47  12   4   1.21275   0.17474   1.48361    1      1       F    F    F
   4   8   2   27   7   5  -1.22518  -0.52663   1.48361    1      1       F    F    F
   5   8   2   33   9   7   0.91612  -1.86116   0.00000    3      m       F    F    F
   6  22   1    7   2   9   0.00000   0.00000   2.96722    1      1       F    T    F
   7  22   1    9   3  10   2.11141  -1.64186   1.48361    1      1       F    F    F
   8   8   2   39  10  12   3.34736  -1.07268   0.00000    3      m       F    F    F
   9   8   2   31   8  13  -3.51566  -0.15636   0.00000    3      m       F    F    F
  10   8   2   23   6  15  -0.42360   1.85860   2.96722    1      1       F    F    F
  11  22   1   14   4  17  -0.21143   3.20330   1.48361    1      1       F    F    F
  12  22   1    3   1  18  -2.99661  -1.24693   1.48361    1      1       F    F    F
  13   8   2   33   9  21   0.91612  -1.86116   2.96722    1      1       F    F    F
  14   8   2   43  11  22  -2.66243  -2.55434   0.00000    3      m       F    F    F
  15   8   2   30   8  24   1.82174   2.91701   1.48361    1      1       F    F    F
  16   8   2   18   5  25   0.31800   4.31374   0.00000    3      m       F    F    F
  17   8   2   35   9  26  -0.87430  -4.14393   1.48361    1      1       F    F    F
  18   8   2   38  10  28  -1.99004   3.83333   1.48361    1      1       F    F    F
  19   8   2   39  10  31   3.34736  -1.07268   2.96722    1      1       F    F    F
  20   8   2   31   8  33  -3.51566  -0.15636   2.96722    1      1       F    F    F
  21   8   2   47  12  35   1.21275   0.17474   4.45083    1      1       F    F    F
  22   8   2   41  11  37   2.70426  -3.45076   1.48361    1      1       F    F    F
  23  22   1    2   1  38   2.34079   4.00757   0.00000    3      m       F    F    F
  24   8   2   27   7  40  -1.22518  -0.52663   4.45083    1      1       F    F    F
  25   8   2   43  11  41  -2.66243  -2.55434   2.96722    1      1       F    F    F
  26  22   1   11   3  43  -2.06959  -4.36323   0.00000    3      m       F    F    F
  27   8   2   46  12  44  -4.12465   2.58591   0.00000    3      m       F    F    F

     V0bdcF =   -14.146 eV,     Vhbdc =    -5.316 eV,     rsbdc =   2.141 a.u.

 ipr    Z     Atom-Charge  Atom-Radius Ionic-Charge Ionic-Radius     Vmft
   0   22*        1.628        1.235        3.479        0.860      -21.284
   1   22         1.658        1.235        3.575        0.860      -21.395
   2   22         1.697        1.235        3.550        0.860      -21.740
   3   22         1.734        1.229        3.577        0.860      -21.284
   4   22         1.623        1.235        3.556        0.860      -21.949
   5    8         0.564        0.906       -1.515        1.400      -21.284
   6    8         0.795        0.872       -1.419        1.400      -21.284
   7    8         0.784        0.874       -1.439        1.400      -21.284
   8    8         0.796        0.866       -1.518        1.400      -21.284
   9    8         0.758        0.880       -1.444        1.400      -21.284
  10    8         0.821        0.865       -1.442        1.400      -21.284
  11    8         0.650        0.890       -1.480        1.400      -21.284
  12    8         0.698        0.887       -1.510        1.400      -21.284
Epsii used =  4853.873 eV
 Number of Energies =  811
    Energy    <xanes>    
  -20.0000  3.5914073E-04
  -19.0000  3.9666856E-04
  -18.0000  5.7779207E-04
  -17.0000  4.0547428E-03
  -16.0000  1.1498018E+00
  -15.0000  1.3418963E-03
  -14.0000  4.5357143E-04
  -13.0000  3.0081614E-04
  -12.0000  2.4553601E-04
  -11.0000  2.2017786E-04
  -10.0000  2.0898744E-04
  -9.95000  2.0870023E-04
  -9.90000  2.0843692E-04
  -9.85000  2.0819732E-04
  -9.80000  2.0798133E-04
  -9.75000  2.0778886E-04
  -9.70000  2.0761978E-04
  -9.65000  2.0747413E-04
  -9.60000  2.0735189E-04
  -9.55000  2.0725305E-04
  -9.50000  2.0717767E-04
  -9.45000  2.0712582E-04
  -9.40000  2.0709758E-04
  -9.35000  2.0709305E-04
  -9.30000  2.0711237E-04
  -9.25000  2.0715568E-04
  -9.20000  2.0722315E-04
  -9.15000  2.0731481E-04
  -9.10000  2.0743104E-04
  -9.05000  2.0757209E-04
  -9.00000  2.0773824E-04
  -8.95000  2.0792980E-04
  -8.90000  2.0814708E-04
  -8.85000  2.0839046E-04
  -8.80000  2.0866029E-04
  -8.75000  2.0895698E-04
  -8.70000  2.0928089E-04
  -8.65000  2.0963243E-04
  -8.60000  2.1001221E-04
  -8.55000  2.1042080E-04
  -8.50000  2.1085877E-04
  -8.45000  2.1132668E-04
  -8.40000  2.1182519E-04
  -8.35000  2.1235500E-04
  -8.30000  2.1291680E-04
  -8.25000  2.1351124E-04
  -8.20000  2.1413914E-04
  -8.15000  2.1480129E-04
  -8.10000  2.1549870E-04
  -8.05000  2.1623236E-04
  -8.00000  2.1700324E-04
  -7.95000  2.1781236E-04
  -7.90000  2.1866087E-04
  -7.85000  2.1954993E-04
  -7.80000  2.2048065E-04
  -7.75000  2.2145440E-04
  -7.70000  2.2247241E-04
  -7.65000  2.2353629E-04
  -7.60000  2.2464762E-04
  -7.55000  2.2580801E-04
  -7.50000  2.2701912E-04
  -7.45000  2.2828278E-04
  -7.40000  2.2960091E-04
  -7.35000  2.3097539E-04
  -7.30000  2.3240824E-04
  -7.25000  2.3390187E-04
  -7.20000  2.3545867E-04
  -7.15000  2.3708125E-04
  -7.10000  2.3877227E-04
  -7.05000  2.4053450E-04
  -7.00000  2.4237104E-04
  -6.95000  2.4428510E-04
  -6.90000  2.4627959E-04
  -6.85000  2.4835834E-04
  -6.80000  2.5052532E-04
  -6.75000  2.5278460E-04
  -6.70000  2.5514063E-04
  -6.65000  2.5759793E-04
  -6.60000  2.6016154E-04
  -6.55000  2.6283678E-04
  -6.50000  2.6562930E-04
  -6.45000  2.6854489E-04
  -6.40000  2.7159009E-04
  -6.35000  2.7477183E-04
  -6.30000  2.7809750E-04
  -6.25000  2.8157525E-04
  -6.20000  2.8521368E-04
  -6.15000  2.8902202E-04
  -6.10000  2.9301030E-04
  -6.05000  2.9718927E-04
  -6.00000  3.0157001E-04
  -5.95000  3.0616514E-04
  -5.90000  3.1098864E-04
  -5.85000  3.1605531E-04
  -5.80000  3.2138133E-04
  -5.75000  3.2698417E-04
  -5.70000  3.3288278E-04
  -5.65000  3.3909751E-04
  -5.60000  3.4565146E-04
  -5.55000  3.5256940E-04
  -5.50000  3.5987889E-04
  -5.45000  3.6761048E-04
  -5.40000  3.7579716E-04
  -5.35000  3.8447578E-04
  -5.30000  3.9368728E-04
  -5.25000  4.0347724E-04
  -5.20000  4.1389633E-04
  -5.15000  4.2500058E-04
  -5.10000  4.3685256E-04
  -5.05000  4.4952336E-04
  -5.00000  4.6309389E-04
  -4.95000  4.7765461E-04
  -4.90000  4.9330802E-04
  -4.85000  5.1017157E-04
  -4.80000  5.2837897E-04
  -4.75000  5.4808486E-04
  -4.70000  5.6946619E-04
  -4.65000  5.9272869E-04
  -4.60000  6.1811464E-04
  -4.55000  6.4590547E-04
  -4.50000  6.7643502E-04
  -4.45000  7.1010121E-04
  -4.40000  7.4737918E-04
  -4.35000  7.8884139E-04
  -4.30000  8.3519150E-04
  -4.25000  8.8728823E-04
  -4.20000  9.4620190E-04
  -4.15000  1.0132873E-03
  -4.10000  1.0902682E-03
  -4.05000  1.1793905E-03
  -4.00000  1.2836169E-03
  -3.95000  1.4069566E-03
  -3.90000  1.5549761E-03
  -3.85000  1.7356284E-03
  -3.80000  1.9607468E-03
  -3.75000  2.2488926E-03
  -3.70000  2.6313002E-03
  -3.65000  3.1667107E-03
  -3.60000  3.9897843E-03
  -3.55000  5.5817871E-03
  -3.50000  1.4922843E-02
  -3.45000  1.4445950E-02
  -3.40000  2.0276086E-02
  -3.35000  1.0461332E-01
  -3.30000  1.2191137E-01
  -3.25000  7.1430401E-01
  -3.20000  1.0511983E-01
  -3.15000  8.4862435E-02
  -3.10000  3.9020858E-02
  -3.05000  6.9012968E-02
  -3.00000  3.3599914E-01
  -2.95000  1.4409744E+00
  -2.90000  2.5168409E+00
  -2.85000  3.3739856E-01
  -2.80000  5.9593288E-02
  -2.75000  9.1686070E-02
  -2.70000  1.2229711E-01
  -2.65000  1.2488933E-01
  -2.60000  2.7340231E-02
  -2.55000  1.7737054E-01
  -2.50000  2.2710596E-02
  -2.45000  4.8002088E-02
  -2.40000  1.3130966E-01
  -2.35000  1.4857016E-01
  -2.30000  3.9561227E-01
  -2.25000  1.7388342E-01
  -2.20000  6.8187042E-02
  -2.15000  5.7997326E-02
  -2.10000  7.7657619E-02
  -2.05000  5.2215934E-02
  -2.00000  1.3334481E-01
  -1.95000  1.8793603E-01
  -1.90000  9.6018199E-02
  -1.85000  2.0432745E-01
  -1.80000  2.1018516E-01
  -1.75000  1.5225569E-01
  -1.70000  5.3776428E-01
  -1.65000  2.5153062E-01
  -1.60000  1.6616794E-01
  -1.55000  1.2095158E-01
  -1.50000  2.3478007E-02
  -1.45000  2.2516119E-02
  -1.40000  2.2983312E-01
  -1.35000  3.0171866E-02
  -1.30000  5.2771445E-02
  -1.25000  5.6432135E-02
  -1.20000  2.2832540E-02
  -1.15000  3.6436099E-02
  -1.10000  5.0779667E-02
  -1.05000  6.3448482E-02
  -1.00000  8.5415855E-02
  -0.95000  1.5692085E-01
  -0.90000  2.3473918E-01
  -0.85000  1.6005250E-01
  -0.80000  5.7765307E-01
  -0.75000  6.3765503E-01
  -0.70000  2.3497676E-01
  -0.65000  9.6496749E-02
  -0.60000  1.0173662E+00
  -0.55000  1.2320049E-01
  -0.50000  1.0660906E-01
  -0.45000  8.0718916E-01
  -0.40000  1.3306855E-01
  -0.35000  2.8922355E-01
  -0.30000  4.1007152E-01
  -0.25000  1.4227893E-01
  -0.20000  1.7363333E-01
  -0.15000  7.4352655E-02
  -0.10000  4.9987674E-02
  -0.05000  1.0118195E-01
  -0.00000  2.2516054E-01
   0.05000  3.4408770E-01
   0.10000  4.6771966E-02
   0.15000  5.9117875E-02
   0.20000  1.0591118E-02
   0.25000  9.1187095E-04
   0.30000  9.3672316E-04
   0.35000  1.0928542E-03
   0.40000  1.1845764E-03
   0.45000  1.2202986E-03
   0.50000  1.2282725E-03
   0.55000  1.2199136E-03
   0.60000  1.2025122E-03
   0.65000  1.1802927E-03
   0.70000  1.1558152E-03
   0.75000  1.1306724E-03
   0.80000  1.1058914E-03
   0.85000  1.0821442E-03
   0.90000  1.0598837E-03
   0.95000  1.0394304E-03
   1.00000  1.0210211E-03
   1.05000  1.0048559E-03
   1.10000  9.9112014E-04
   1.15000  9.8001660E-04
   1.20000  9.7178722E-04
   1.25000  9.6674824E-04
   1.30000  9.6533311E-04
   1.35000  9.6814536E-04
   1.40000  9.7606212E-04
   1.45000  9.9037774E-04
   1.50000  1.0130701E-03
   1.55000  1.0472665E-03
   1.60000  1.0981414E-03
   1.65000  1.1747455E-03
   1.70000  1.2940795E-03
   1.75000  1.4916691E-03
   1.80000  1.8504950E-03
   1.85000  2.6049852E-03
   1.90000  4.6608374E-03
   1.95000  1.4437354E-02
   2.00000  1.6258466E-01
   2.05000  1.9111759E-02
   2.10000  1.5611316E-01
   2.15000  6.2859976E-03
   2.20000  2.8835719E-03
   2.25000  2.0875473E-03
   2.30000  1.7606982E-03
   2.35000  1.6041914E-03
   2.40000  1.5310734E-03
   2.45000  1.5081005E-03
   2.50000  1.5217635E-03
   2.55000  1.5686020E-03
   2.60000  1.6534001E-03
   2.65000  1.7933035E-03
   2.70000  2.0352597E-03
   2.75000  2.5294946E-03
   2.80000  3.9969052E-03
   2.85000  1.5175178E-02
   2.90000  1.0372392E-02
   2.95000  2.9983074E-03
   3.00000  2.4660696E-03
   3.05000  2.6626893E-03
   3.10000  3.2798663E-03
   3.15000  4.6898334E-03
   3.20000  6.9068045E-03
   3.25000  9.7197378E-03
   3.30000  1.2960825E-02
   3.35000  1.4656489E-02
   3.40000  1.6060826E-02
   3.45000  1.8747476E-02
   3.50000  2.4742806E-02
   3.55000  1.6193887E-02
   3.60000  1.6481845E-02
   3.65000  4.0301315E-02
   3.70000  3.4230165E-02
   3.75000  4.9532092E-02
   3.80000  1.0617568E-01
   3.85000  5.0425074E-02
   3.90000  3.2970530E-02
   3.95000  2.5436159E-02
   4.00000  4.9397588E-02
   4.05000  8.2301339E-02
   4.10000  1.5836355E-01
   4.15000  9.7558340E-02
   4.20000  5.1174831E-02
   4.25000  3.3671362E-02
   4.30000  2.5559534E-02
   4.35000  2.1471490E-02
   4.40000  2.0243575E-02
   4.45000  2.1200798E-02
   4.50000  2.3967381E-02
   4.55000  2.8666880E-02
   4.60000  3.5703568E-02
   4.65000  4.4219168E-02
   4.70000  4.9101000E-02
   4.75000  4.5243484E-02
   4.80000  3.7077413E-02
   4.85000  3.0575152E-02
   4.90000  2.7094464E-02
   4.95000  2.6143433E-02
   5.00000  2.7156382E-02
   5.05000  3.2132155E-02
   5.10000  3.6263089E-02
   5.15000  4.0538503E-02
   5.20000  4.4425883E-02
   5.25000  4.7583720E-02
   5.30000  4.9862375E-02
   5.35000  5.1169666E-02
   5.40000  5.1348901E-02
   5.45000  5.0179460E-02
   5.50000  4.7493174E-02
   5.55000  4.3382140E-02
   5.60000  3.8363351E-02
   5.65000  3.3181718E-02
   5.70000  2.8421022E-02
   5.75000  2.4358180E-02
   5.80000  2.1043931E-02
   5.85000  1.8418778E-02
   5.90000  1.6385565E-02
   5.95000  1.4837828E-02
   6.00000  1.3663194E-02
   6.05000  1.2754063E-02
   6.10000  1.2048996E-02
   6.15000  1.1541503E-02
   6.20000  1.1198704E-02
   6.25000  1.0994429E-02
   6.30000  1.1028332E-02
   6.35000  1.1456346E-02
   6.40000  1.2434339E-02
   6.45000  1.4090539E-02
   6.50000  1.6291541E-02
   6.55000  1.8068786E-02
   6.60000  1.7925079E-02
   6.65000  1.6314746E-02
   6.70000  1.5045986E-02
   6.75000  1.4405536E-02
   6.80000  1.4114804E-02
   6.85000  1.4101900E-02
   6.90000  1.3685500E-02
   6.95000  1.1897506E-02
   7.00000  9.5813815E-03
   7.05000  7.6453127E-03
   7.10000  6.2809284E-03
   7.15000  5.3597452E-03
   7.20000  4.7276167E-03
   7.25000  4.2787660E-03
   7.30000  3.9490132E-03
   7.35000  3.6998493E-03
   7.40000  3.5075874E-03
   7.45000  3.3571473E-03
   7.50000  3.2386006E-03
   7.55000  3.1452002E-03
   7.60000  3.0722305E-03
   7.65000  3.0163118E-03
   7.70000  2.9749665E-03
   7.75000  2.9463306E-03
   7.80000  2.9289651E-03
   7.85000  2.9217236E-03
   7.90000  2.9236612E-03
   7.95000  2.9339788E-03
   8.00000  2.9519503E-03
   8.05000  2.9769079E-03
   8.10000  3.0082194E-03
   8.15000  3.0452751E-03
   8.20000  3.0875048E-03
   8.25000  3.1343567E-03
   8.30000  3.1853184E-03
   8.35000  3.2399359E-03
   8.40000  3.2978251E-03
   8.45000  3.3586720E-03
   8.50000  3.4222446E-03
   8.55000  3.4884027E-03
   8.60000  3.5571132E-03
   8.65000  3.6284217E-03
   8.70000  3.7024713E-03
   8.75000  3.7794990E-03
   8.80000  3.8598225E-03
   8.85000  3.9438460E-03
   8.90000  4.0320452E-03
   8.95000  4.1249783E-03
   9.00000  4.2232867E-03
   9.05000  4.3277005E-03
   9.10000  4.4390384E-03
   9.15000  4.5582363E-03
   9.20000  4.6863139E-03
   9.25000  4.8244189E-03
   9.30000  4.9736969E-03
   9.35000  5.1358597E-03
   9.40000  5.3123461E-03
   9.45000  5.5049105E-03
   9.50000  5.7154365E-03
   9.55000  5.9459568E-03
   9.60000  6.2002060E-03
   9.65000  6.4772535E-03
   9.70000  6.7736763E-03
   9.75000  7.1053230E-03
   9.80000  7.4669529E-03
   9.85000  7.8565462E-03
   9.90000  8.2797038E-03
   9.95000  8.7326724E-03
   10.0000  9.2014988E-03
   10.1000  1.0227726E-02
   10.2000  1.1283497E-02
   10.3000  1.2297875E-02
   10.4000  1.3204400E-02
   10.5000  1.3967001E-02
   10.6000  1.4590585E-02
   10.7000  1.5111046E-02
   10.8000  1.5576326E-02
   10.9000  1.6030827E-02
   11.0000  1.6507462E-02
   11.1000  1.7027415E-02
   11.2000  1.7601746E-02
   11.3000  1.8235199E-02
   11.4000  1.8929876E-02
   11.5000  1.9688167E-02
   11.6000  2.0514431E-02
   11.7000  2.1415364E-02
   11.8000  2.2399539E-02
   11.9000  2.3476322E-02
   12.0000  2.4655425E-02
   12.1000  2.5946538E-02
   12.2000  2.7359381E-02
   12.3000  2.8903988E-02
   12.4000  3.0591134E-02
   12.5000  3.2432810E-02
   12.6000  3.4442618E-02
   12.7000  3.6636213E-02
   12.8000  3.9030854E-02
   12.9000  4.1645230E-02
   13.0000  4.4497973E-02
   13.1000  4.7605153E-02
   13.2000  5.0976472E-02
   13.3000  5.4610168E-02
   13.4000  5.8487314E-02
   13.5000  6.2566692E-02
   13.6000  6.6782177E-02
   13.7000  7.1044714E-02
   13.8000  7.5248991E-02
   13.9000  7.9286381E-02
   14.0000  8.3060501E-02
   14.1000  8.6502595E-02
   14.2000  8.9583370E-02
   14.3000  9.2318821E-02
   14.4000  9.4769409E-02
   14.5000  9.7033238E-02
   14.6000  9.9235319E-02
   14.7000  1.0151509E-01
   14.8000  1.0401380E-01
   14.9000  1.0686141E-01
   15.0000  1.1088378E-01
   15.1000  1.1512839E-01
   15.2000  1.1990352E-01
   15.3000  1.2510912E-01
   15.4000  1.3057097E-01
   15.5000  1.3606817E-01
   15.6000  1.4138330E-01
   15.7000  1.4635569E-01
   15.8000  1.5092966E-01
   15.9000  1.5508263E-01
   16.0000  1.5885610E-01
   16.1000  1.6229765E-01
   16.2000  1.6543086E-01
   16.3000  1.6825382E-01
   16.4000  1.7075204E-01
   16.5000  1.7291685E-01
   16.6000  1.7476282E-01
   16.7000  1.7632683E-01
   16.8000  1.7766451E-01
   16.9000  1.7884588E-01
   17.0000  1.7994023E-01
   17.1000  1.8101376E-01
   17.2000  1.8211476E-01
   17.3000  1.8328507E-01
   17.4000  1.8456057E-01
   17.5000  1.8596642E-01
   17.6000  1.8753614E-01
   17.7000  1.8931004E-01
   17.8000  1.9133967E-01
   17.9000  1.9368516E-01
   18.0000  1.9641633E-01
   18.1000  1.9960989E-01
   18.2000  2.0334442E-01
   18.3000  2.0769476E-01
   18.4000  2.1272400E-01
   18.5000  2.1846407E-01
   18.6000  2.2490680E-01
   18.7000  2.3198457E-01
   18.8000  2.3955707E-01
   18.9000  2.4741049E-01
   19.0000  2.5527000E-01
   19.1000  2.6283157E-01
   19.2000  2.6980043E-01
   19.3000  2.7594190E-01
   19.4000  2.8111306E-01
   19.5000  2.8527622E-01
   19.6000  2.8848963E-01
   19.7000  2.9088197E-01
   19.8000  2.9262161E-01
   19.9000  2.9389038E-01
   20.0000  2.9485658E-01
   20.1000  2.9567100E-01
   20.2000  2.9645918E-01
   20.3000  2.9732175E-01
   20.4000  2.9833623E-01
   20.5000  2.9956119E-01
   20.6000  3.0103867E-01
   20.7000  3.0279966E-01
   20.8000  3.0486901E-01
   20.9000  3.0726572E-01
   21.0000  3.1000655E-01
   21.1000  3.1311053E-01
   21.2000  3.1659898E-01
   21.3000  3.2049607E-01
   21.4000  3.2482647E-01
   21.5000  3.2962123E-01
   21.6000  3.3489780E-01
   21.7000  3.4066825E-01
   21.8000  3.4693463E-01
   21.9000  3.5368923E-01
   22.0000  3.6091081E-01
   22.1000  3.6856559E-01
   22.2000  3.7661256E-01
   22.3000  3.8500238E-01
   22.4000  3.9368118E-01
   22.5000  4.0259153E-01
   22.6000  4.1167498E-01
   22.7000  4.2087395E-01
   22.8000  4.3013233E-01
   22.9000  4.3939693E-01
   23.0000  4.4861790E-01
   23.1000  4.5774834E-01
   23.2000  4.6674832E-01
   23.3000  4.7557280E-01
   23.4000  4.8418120E-01
   23.5000  4.9253273E-01
   23.6000  5.0058459E-01
   23.7000  5.0828922E-01
   23.8000  5.1559305E-01
   23.9000  5.2243404E-01
   24.0000  5.2874067E-01
   24.1000  5.3442888E-01
   24.2000  5.3940360E-01
   24.3000  5.4355922E-01
   24.4000  5.4678177E-01
   24.5000  5.4895237E-01
   24.6000  5.4995440E-01
   24.7000  5.4967536E-01
   24.8000  5.4801854E-01
   24.9000  5.4491047E-01
   25.0000  5.4030708E-01
   25.1000  5.3419899E-01
   25.2000  5.2661600E-01
   25.3000  5.1762563E-01
   25.4000  5.0733095E-01
   25.5000  4.9586511E-01
   25.6000  4.8338513E-01
   25.7000  4.7006327E-01
   25.8000  4.5607993E-01
   25.9000  4.4161583E-01
   26.0000  4.2684873E-01
   26.1000  4.1195329E-01
   26.2000  3.9708159E-01
   26.3000  3.8237500E-01
   26.4000  3.6795742E-01
   26.5000  3.5393824E-01
   26.6000  3.4040473E-01
   26.7000  3.2742472E-01
   26.8000  3.1504878E-01
   26.9000  3.0331005E-01
   27.0000  2.9222522E-01
   27.1000  2.8179672E-01
   27.2000  2.7201711E-01
   27.3000  2.6287158E-01
   27.4000  2.5433952E-01
   27.5000  2.4639814E-01
   27.6000  2.3900261E-01
   27.7000  2.3215720E-01
   27.8000  2.2581562E-01
   27.9000  2.1994855E-01
   28.0000  2.1451971E-01
   28.1000  2.0950041E-01
   28.2000  2.0487472E-01
   28.3000  2.0061495E-01
   28.4000  1.9669565E-01
   28.5000  1.9309280E-01
   28.6000  1.8978793E-01
   28.7000  1.8675169E-01
   28.8000  1.8396669E-01
   28.9000  1.8142030E-01
   29.0000  1.7909300E-01
   29.1000  1.7697008E-01
   29.2000  1.7505840E-01
   29.3000  1.7330847E-01
   29.4000  1.7172914E-01
   29.5000  1.7031266E-01
   29.6000  1.6905288E-01
   29.7000  1.6766007E-01
   29.8000  1.6670484E-01
   29.9000  1.6592267E-01
   30.0000  1.6528853E-01
   30.1000  1.6480337E-01
   30.2000  1.6449423E-01
   30.3000  1.6431518E-01
   30.4000  1.6429193E-01
   30.5000  1.6442748E-01
   30.6000  1.6472477E-01
   30.7000  1.6518614E-01
   30.8000  1.6581318E-01
   30.9000  1.6660643E-01
   31.0000  1.6756528E-01
   31.1000  1.6868744E-01
   31.2000  1.6996886E-01
   31.3000  1.7140358E-01
   31.4000  1.7298415E-01
   31.5000  1.7470138E-01
   31.6000  1.7654449E-01
   31.7000  1.7850159E-01
   31.8000  1.8056037E-01
   31.9000  1.8270803E-01
   32.0000  1.8493251E-01
   32.1000  1.8722076E-01
   32.2000  1.8956148E-01
   32.3000  1.9194434E-01
   32.4000  1.9436002E-01
   32.5000  1.9680039E-01
   32.6000  1.9925800E-01
   32.7000  2.0172640E-01
   32.8000  2.0420050E-01
   32.9000  2.0667544E-01
   33.0000  2.0914698E-01
   33.1000  2.1161137E-01
   33.2000  2.1406562E-01
   33.3000  2.1650725E-01
   33.4000  2.1893451E-01
   33.5000  2.2134617E-01
   33.6000  2.2374150E-01
   33.7000  2.2612045E-01
   33.8000  2.2848337E-01
   33.9000  2.3083094E-01
   34.0000  2.3316438E-01
   34.1000  2.3548542E-01
   34.2000  2.3779580E-01
   34.3000  2.4009845E-01
   34.4000  2.4239539E-01
   34.5000  2.4468913E-01
   34.6000  2.4698226E-01
   34.7000  2.4927680E-01
   34.8000  2.5157415E-01
   34.9000  2.5387510E-01
   35.0000  2.5617930E-01
   35.1000  2.5848510E-01
   35.2000  2.6078920E-01
   35.3000  2.6308676E-01
   35.4000  2.6536490E-01
   35.5000  2.6757086E-01
   35.6000  2.6974506E-01
   35.7000  2.7187684E-01
   35.8000  2.7395498E-01
   35.9000  2.7596820E-01
   36.0000  2.7790462E-01
   36.1000  2.7975384E-01
   36.2000  2.8150737E-01
   36.3000  2.8315725E-01
   36.4000  2.8469631E-01
   36.5000  2.8611904E-01
   36.6000  2.8742073E-01
   36.7000  2.8859189E-01
   36.8000  2.8962473E-01
   36.9000  2.9050460E-01
   37.0000  2.9121624E-01
   37.1000  2.9174058E-01
   37.2000  2.9205725E-01
   37.3000  2.9213946E-01
   37.4000  2.9196214E-01
   37.5000  2.9150029E-01
   37.6000  2.9073077E-01
   37.7000  2.8963696E-01
   37.8000  2.8820678E-01
   37.9000  2.8643329E-01
   38.0000  2.8431964E-01
   38.1000  2.8187911E-01
   38.2000  2.7913601E-01
   38.3000  2.7612276E-01
   38.4000  2.7288206E-01
   38.5000  2.6946092E-01
   38.6000  2.6590880E-01
   38.7000  2.6227881E-01
   38.8000  2.5862331E-01
   38.9000  2.5499190E-01
   39.0000  2.5143035E-01
   39.1000  2.4797952E-01
   39.2000  2.4467476E-01
   39.3000  2.4154828E-01
   39.4000  2.3862115E-01
   39.5000  2.3590729E-01
   39.6000  2.3341635E-01
   39.7000  2.3115161E-01
   39.8000  2.2911034E-01
   39.9000  2.2728479E-01
   40.0000  2.2566152E-01
   40.1000  2.2422232E-01
   40.2000  2.2294477E-01
   40.3000  2.2180328E-01
   40.4000  2.2077244E-01
   40.5000  2.1982173E-01
   40.6000  2.1891991E-01
   40.7000  2.1803703E-01
   40.8000  2.1714309E-01
   40.9000  2.1620932E-01
   41.0000  2.1520771E-01
   41.1000  2.1411110E-01
   41.2000  2.1289332E-01
   41.3000  2.1153012E-01
   41.4000  2.0999948E-01
   41.5000  2.0828317E-01
   41.6000  2.0636731E-01
   41.7000  2.0424493E-01
   41.8000  2.0191309E-01
   41.9000  1.9937352E-01
   42.0000  1.9663628E-01
   42.1000  1.9371774E-01
   42.2000  1.9063972E-01
   42.3000  1.8742795E-01
   42.4000  1.8411142E-01
   42.5000  1.8072054E-01
   42.6000  1.7728618E-01
   42.7000  1.7383847E-01
   42.8000  1.7040595E-01
   42.9000  1.6701405E-01
   43.0000  1.6368443E-01
   43.1000  1.6043593E-01
   43.2000  1.5728435E-01
   43.3000  1.5424458E-01
   43.4000  1.5132314E-01
   43.5000  1.4852703E-01
   43.6000  1.4586114E-01
   43.7000  1.4333000E-01
   43.8000  1.4096072E-01
   43.9000  1.3871981E-01
   44.0000  1.3660708E-01
   44.1000  1.3462171E-01
   44.2000  1.3276226E-01
   44.3000  1.3102667E-01
   44.4000  1.2941235E-01
   44.5000  1.2791613E-01
   44.6000  1.2653427E-01
   44.7000  1.2526250E-01
   44.8000  1.2409575E-01
   44.9000  1.2302872E-01
   45.0000  1.2205588E-01
   45.1000  1.2117148E-01
   45.2000  1.2036747E-01
   45.3000  1.1963645E-01
   45.4000  1.1897074E-01
   45.5000  1.1836265E-01
   45.6000  1.1780450E-01
   45.7000  1.1728875E-01
   45.8000  1.1680845E-01
   45.9000  1.1635713E-01
   46.0000  1.1592896E-01
   46.1000  1.1551904E-01
   46.2000  1.1512317E-01
   46.3000  1.1473818E-01
   46.4000  1.1436173E-01
   46.5000  1.1399232E-01
   46.6000  1.1362916E-01
   46.7000  1.1327211E-01
   46.8000  1.1292150E-01
   46.9000  1.1257798E-01
   47.0000  1.1224237E-01
   47.1000  1.1191601E-01
   47.2000  1.1159935E-01
   47.3000  1.1129284E-01
   47.4000  1.1099712E-01
   47.5000  1.1071264E-01
   47.6000  1.1044014E-01
   47.7000  1.1018087E-01
   47.8000  1.0993688E-01
   47.9000  1.0971044E-01
   48.0000  1.0950458E-01
   48.1000  1.0932299E-01
   48.2000  1.0916959E-01
   48.3000  1.0904548E-01
   48.4000  1.0895068E-01
   48.5000  1.0888204E-01
   48.6000  1.0883382E-01
   48.7000  1.0879831E-01
   48.8000  1.0876650E-01
   48.9000  1.0872824E-01
   49.0000  1.0867496E-01
   49.1000  1.0860060E-01
   49.2000  1.0850240E-01
   49.3000  1.0838106E-01
   49.4000  1.0824028E-01
   49.5000  1.0808431E-01
   49.6000  1.0791898E-01
   49.7000  1.0775052E-01
   49.8000  1.0758497E-01
   49.9000  1.0742775E-01
   50.0000  1.0728326E-01

 E_edge     =  4966.00 eV

   run_7_3

 Cluster radius = 5.00 A, nb. of atom =  44
 Fermi energy calculation : cluster radius = 5.00 A, nb. of atom =  44
 Potential sup calculation: cluster radius = 7.50 A, nb. of atom = 151

 Point group : m        (Cs   )

 ipr   Z  mult     ch_val    ch_core   ch_total     ch_out   Atom charge
   1  22    4       2.772     17.886     20.658      0.231      1.342
   2  22    4       2.748     17.884     20.632      0.066      1.368
   3  22    4       2.778     17.887     20.665      0.001      1.335
   4  22    4       2.748     17.884     20.632      0.174      1.368
   5   8    4       5.072      2.000      7.072      0.085      0.928
   6   8    4       5.038      2.000      7.038      0.110      0.962
   7   8    4       5.063      2.000      7.063      0.108      0.937
   8   8    4       5.092      2.000      7.092      0.081      0.908
   9   8    4       5.070      2.000      7.070      0.005      0.930
  10   8    4       5.062      2.000      7.062      0.004      0.938
  11   8    4       5.056      2.000      7.056      0.004      0.944
  12   8    4       5.103      2.000      7.103      0.007      0.897

 Cycle   1,  Fermi energy = -12.585 eV, Occupancy val abs =  0.795

 Cycle   1: Total energy =      -431358.1 eV,
             Delta ch (  3) = 1.569, Ch =  2.904, Ch_p =  1.335, Weight = 0.05000, Mod_p =  0

      ipr   Z   Energy_Tot      Charge     Ch-Ch_i  pop_orb_val(L)   L    Radius
        1  22     -22790.6       1.418       0.076       0.673       2   1.21014
        2  22     -22799.7       1.443       0.075       0.775       2   1.20725
        3  22     -22796.2       1.414       0.078       0.795       2   1.21094
        4  22     -22799.1       1.442       0.074       0.732       2   1.20711
        5   8      -2080.9       0.890      -0.038       4.057       1   0.88721
        6   8      -2080.6       0.923      -0.040       4.009       1   0.88166
        7   8      -2083.2       0.898      -0.040       4.049       1   0.88577
        8   8      -2083.7       0.870      -0.038       4.079       1   0.89053
        9   8      -2078.9       0.894      -0.036       4.100       1   0.88685
       10   8      -2078.3       0.902      -0.036       4.099       1   0.88555
       11   8      -2081.8       0.906      -0.038       4.113       1   0.88471
       12   8      -2086.3       0.859      -0.038       4.158       1   0.89230

 Cycle   2,  Fermi energy = -12.405 eV, Occupancy val abs =  0.924

 Cycle   2: Total energy =      -431933.2 eV, Delta energy =   1513.232 >   4.800 eV
             Delta ch (  3) = 1.266, Ch =  2.680, Ch_p =  1.414, Weight = 0.05000, Mod_p =  0
                                                            Next weight = 0.02500

      ipr   Z   Energy_Tot      Charge     Ch-Ch_i  pop_orb_val(L)   L    Radius
        1  22     -22858.9       1.448       0.106       0.818       2   1.21014
        2  22     -22860.1       1.473       0.106       0.902       2   1.20725
        3  22     -22860.8       1.445       0.110       0.924       2   1.21094
        4  22     -22866.9       1.471       0.103       0.874       2   1.20711
        5   8      -2077.1       0.872      -0.056       4.032       1   0.88721
        6   8      -2074.5       0.905      -0.057       3.965       1   0.88166
        7   8      -2061.9       0.883      -0.055       3.874       1   0.88577
        8   8      -2079.5       0.852      -0.056       4.043       1   0.89053
        9   8      -2053.3       0.882      -0.048       3.878       1   0.88685
       10   8      -2065.0       0.887      -0.051       3.988       1   0.88555
       11   8      -2073.8       0.889      -0.054       4.046       1   0.88471
       12   8      -2051.5       0.848      -0.049       3.853       1   0.89230

 Cycle   3,  Fermi energy = -12.243 eV, Occupancy val abs =  0.997

 Cycle   3: Total energy =      -432127.7 eV, Delta energy =    566.838 >   4.800 eV
             Delta ch (  3) = 1.134, Ch =  2.579, Ch_p =  1.445, Weight = 0.02500, Mod_p =  0

      ipr   Z   Energy_Tot      Charge     Ch-Ch_i  pop_orb_val(L)   L    Radius
        1  22     -22879.6       1.476       0.134       0.880       2   1.21014
        2  22     -22884.0       1.501       0.133       0.970       2   1.20725
        3  22     -22887.6       1.474       0.138       0.997       2   1.21094
        4  22     -22890.6       1.498       0.129       0.939       2   1.20711
        5   8      -2068.8       0.856      -0.071       3.965       1   0.88721
        6   8      -2063.4       0.890      -0.073       3.872       1   0.88166
        7   8      -2057.0       0.869      -0.068       3.834       1   0.88577
        8   8      -2072.4       0.836      -0.072       3.983       1   0.89053
        9   8      -2051.5       0.871      -0.059       3.863       1   0.88685
       10   8      -2059.9       0.874      -0.064       3.947       1   0.88555
       11   8      -2069.9       0.874      -0.070       4.016       1   0.88471
       12   8      -2047.3       0.838      -0.058       3.817       1   0.89230

 Cycle   4,  Fermi energy = -12.069 eV, Occupancy val abs =  1.051

 Cycle   4: Total energy =      -432269.3 eV, Delta energy =    429.895 >   4.800 eV
             Delta ch (  3) = 1.040, Ch =  2.514, Ch_p =  1.474, Weight = 0.02500, Mod_p =  0

      ipr   Z   Energy_Tot      Charge     Ch-Ch_i  pop_orb_val(L)   L    Radius
        1  22     -22898.7       1.501       0.159       0.938       2   1.21014
        2  22     -22903.8       1.526       0.158       1.031       2   1.20725
        3  22     -22905.2       1.500       0.164       1.051       2   1.21094
        4  22     -22905.5       1.522       0.153       0.991       2   1.20711
        5   8      -2060.4       0.843      -0.085       3.897       1   0.88721
        6   8      -2052.9       0.877      -0.085       3.783       1   0.88166
        7   8      -2053.8       0.857      -0.081       3.810       1   0.88577
        8   8      -2067.2       0.822      -0.086       3.941       1   0.89053
        9   8      -2051.0       0.860      -0.070       3.861       1   0.88685
       10   8      -2055.9       0.862      -0.076       3.916       1   0.88555
       11   8      -2066.0       0.860      -0.084       3.987       1   0.88471
       12   8      -2046.9       0.829      -0.068       3.815       1   0.89230

 Cycle   5,  Fermi energy = -11.902 eV, Occupancy val abs =  1.098

 Cycle   5: Total energy =      -432390.3 eV, Delta energy =    368.658 >   4.800 eV
             Delta ch (  3) = 0.963, Ch =  2.463, Ch_p =  1.500, Weight = 0.02500, Mod_p =  0

      ipr   Z   Energy_Tot      Charge     Ch-Ch_i  pop_orb_val(L)   L    Radius
        1  22     -22914.9       1.524       0.182       0.994       2   1.21014
        2  22     -22920.5       1.549       0.181       1.083       2   1.20725
        3  22     -22919.1       1.524       0.189       1.098       2   1.21094
        4  22     -22920.0       1.544       0.175       1.042       2   1.20711
        5   8      -2054.5       0.831      -0.097       3.848       1   0.88721
        6   8      -2046.7       0.866      -0.096       3.730       1   0.88166
        7   8      -2049.3       0.845      -0.092       3.774       1   0.88577
        8   8      -2063.3       0.809      -0.099       3.909       1   0.89053
        9   8      -2049.4       0.849      -0.081       3.850       1   0.88685
       10   8      -2052.2       0.851      -0.088       3.888       1   0.88555
       11   8      -2061.7       0.846      -0.097       3.954       1   0.88471
       12   8      -2046.0       0.820      -0.077       3.809       1   0.89230

 Cycle   6,  Fermi energy = -11.742 eV, Occupancy val abs =  1.144

 Cycle   6: Total energy =      -432499.4 eV, Delta energy =    332.686 >   4.800 eV
             Delta ch (  3) = 0.889, Ch =  2.413, Ch_p =  1.524, Weight = 0.02500, Mod_p =  0

      ipr   Z   Energy_Tot      Charge     Ch-Ch_i  pop_orb_val(L)   L    Radius
        1  22     -22929.8       1.545       0.203       1.047       2   1.21014
        2  22     -22933.7       1.570       0.202       1.130       2   1.20725
        3  22     -22932.9       1.546       0.211       1.144       2   1.21094
        4  22     -22933.3       1.564       0.196       1.092       2   1.20711
        5   8      -2050.2       0.820      -0.108       3.814       1   0.88721
        6   8      -2042.9       0.856      -0.106       3.699       1   0.88166
        7   8      -2044.4       0.835      -0.102       3.734       1   0.88577
        8   8      -2060.1       0.796      -0.112       3.884       1   0.89053
        9   8      -2047.1       0.839      -0.091       3.833       1   0.88685
       10   8      -2048.7       0.840      -0.098       3.861       1   0.88555
       11   8      -2057.3       0.834      -0.109       3.920       1   0.88471
       12   8      -2044.5       0.811      -0.085       3.799       1   0.89230

 Cycle   7,  Fermi energy = -11.594 eV, Occupancy val abs =  1.188

 Cycle   7: Total energy =      -432601.1 eV, Delta energy =    310.254 >   4.800 eV
             Delta ch (  3) = 0.823, Ch =  2.369, Ch_p =  1.546, Weight = 0.02500, Mod_p =  0

      ipr   Z   Energy_Tot      Charge     Ch-Ch_i  pop_orb_val(L)   L    Radius
        1  22     -22944.0       1.565       0.223       1.100       2   1.21014
        2  22     -22946.0       1.589       0.221       1.175       2   1.20725
        3  22     -22944.7       1.567       0.231       1.188       2   1.21094
        4  22     -22946.5       1.583       0.215       1.141       2   1.20711
        5   8      -2046.7       0.810      -0.118       3.786       1   0.88721
        6   8      -2039.9       0.847      -0.116       3.675       1   0.88166
        7   8      -2040.1       0.826      -0.111       3.699       1   0.88577
        8   8      -2056.8       0.785      -0.123       3.859       1   0.89053
        9   8      -2044.5       0.830      -0.100       3.814       1   0.88685
       10   8      -2045.5       0.831      -0.108       3.836       1   0.88555
       11   8      -2053.0       0.823      -0.120       3.886       1   0.88471
       12   8      -2042.5       0.803      -0.093       3.783       1   0.89230

 Cycle   8,  Fermi energy = -11.455 eV, Occupancy val abs =  1.230

 Cycle   8: Total energy =      -432698.6 eV, Delta energy =    296.745 >   4.800 eV
             Delta ch (  3) = 0.761, Ch =  2.328, Ch_p =  1.567, Weight = 0.02500, Mod_p =  0

      ipr   Z   Energy_Tot      Charge     Ch-Ch_i  pop_orb_val(L)   L    Radius
        1  22     -22958.1       1.582       0.240       1.152       2   1.21014
        2  22     -22957.5       1.606       0.239       1.218       2   1.20725
        3  22     -22956.0       1.586       0.250       1.230       2   1.21094
        4  22     -22958.9       1.600       0.232       1.188       2   1.20711
        5   8      -2043.1       0.800      -0.127       3.757       1   0.88721
        6   8      -2036.4       0.838      -0.124       3.646       1   0.88166
        7   8      -2036.4       0.818      -0.119       3.670       1   0.88577
        8   8      -2054.0       0.774      -0.134       3.837       1   0.89053
        9   8      -2042.1       0.822      -0.108       3.796       1   0.88685
       10   8      -2042.3       0.822      -0.116       3.811       1   0.88555
       11   8      -2048.9       0.813      -0.130       3.853       1   0.88471
       12   8      -2040.9       0.796      -0.101       3.772       1   0.89230

 Cycle   9,  Fermi energy = -11.328 eV, Occupancy val abs =  1.272

 Cycle   9: Total energy =      -432791.9 eV, Delta energy =    283.266 >   4.800 eV
             Delta ch (  3) = 0.701, Ch =  2.287, Ch_p =  1.586, Weight = 0.02500, Mod_p =  0

      ipr   Z   Energy_Tot      Charge     Ch-Ch_i  pop_orb_val(L)   L    Radius
        1  22     -22971.4       1.598       0.256       1.202       2   1.21014
        2  22     -22968.3       1.623       0.255       1.259       2   1.20725
        3  22     -22966.9       1.603       0.268       1.272       2   1.21094
        4  22     -22970.9       1.616       0.247       1.234       2   1.20711
        5   8      -2040.1       0.792      -0.136       3.733       1   0.88721
        6   8      -2033.7       0.830      -0.132       3.624       1   0.88166
        7   8      -2033.2       0.811      -0.127       3.644       1   0.88577
        8   8      -2050.7       0.764      -0.144       3.811       1   0.89053
        9   8      -2039.5       0.814      -0.116       3.776       1   0.88685
       10   8      -2039.5       0.814      -0.125       3.789       1   0.88555
       11   8      -2045.1       0.804      -0.139       3.823       1   0.88471
       12   8      -2038.6       0.789      -0.108       3.754       1   0.89230

 Cycle  10,  Fermi energy = -11.188 eV, Occupancy val abs =  1.220

 Cycle  10: Total energy =      -432750.9 eV, Delta energy =    373.365 >   4.800 eV
             Delta ch (  3) = 0.886, Ch =  2.490, Ch_p =  1.603, Weight = 0.02500, Mod_p =  0

      ipr   Z   Energy_Tot      Charge     Ch-Ch_i  pop_orb_val(L)   L    Radius
        1  22     -22985.1       1.612       0.271       1.253       2   1.21014
        2  22     -22979.4       1.638       0.270       1.300       2   1.20725
        3  22     -22917.3       1.625       0.290       1.220       2   1.21094
        4  22     -22983.3       1.630       0.261       1.281       2   1.20711
        5   8      -2040.1       0.784      -0.144       3.737       1   0.88721
        6   8      -2034.9       0.823      -0.140       3.638       1   0.88166
        7   8      -2034.5       0.803      -0.134       3.659       1   0.88577
        8   8      -2050.6       0.754      -0.154       3.814       1   0.89053
        9   8      -2039.9       0.806      -0.124       3.783       1   0.88685
       10   8      -2039.0       0.806      -0.132       3.790       1   0.88555
       11   8      -2043.5       0.796      -0.148       3.812       1   0.88471
       12   8      -2040.2       0.781      -0.115       3.772       1   0.89230

 Cycle  11,  Fermi energy = -11.049 eV, Occupancy val abs =  1.276

 Cycle  11: Total energy =      -432718.9 eV, Delta energy =    397.466 >   4.800 eV
             Delta ch (  3) = 0.804, Ch =  2.430, Ch_p =  1.625, Weight = 0.02500, Mod_p =  0

      ipr   Z   Energy_Tot      Charge     Ch-Ch_i  pop_orb_val(L)   L    Radius
        1  22     -22997.9       1.625       0.283       1.302       2   1.21014
        2  22     -22929.7       1.657       0.289       1.248       2   1.20725
        3  22     -22934.0       1.645       0.310       1.276       2   1.21094
        4  22     -22994.9       1.642       0.274       1.325       2   1.20711
        5   8      -2039.3       0.776      -0.152       3.734       1   0.88721
        6   8      -2034.3       0.815      -0.147       3.636       1   0.88166
        7   8      -2034.0       0.796      -0.142       3.659       1   0.88577
        8   8      -2048.9       0.745      -0.163       3.803       1   0.89053
        9   8      -2041.8       0.798      -0.132       3.803       1   0.88685
       10   8      -2040.7       0.798      -0.141       3.808       1   0.88555
       11   8      -2043.1       0.788      -0.156       3.812       1   0.88471
       12   8      -2041.3       0.774      -0.123       3.786       1   0.89230

 Cycle  12,  Fermi energy = -10.931 eV, Occupancy val abs =  1.328

 Cycle  12: Total energy =      -432825.2 eV, Delta energy =    317.535 >   4.800 eV
             Delta ch (  3) = 0.728, Ch =  2.373, Ch_p =  1.645, Weight = 0.02500, Mod_p =  0

      ipr   Z   Energy_Tot      Charge     Ch-Ch_i  pop_orb_val(L)   L    Radius
        1  22     -23008.9       1.636       0.294       1.344       2   1.21014
        2  22     -22945.7       1.674       0.307       1.301       2   1.20725
        3  22     -22949.4       1.664       0.328       1.328       2   1.21094
        4  22     -23004.2       1.653       0.285       1.364       2   1.20711
        5   8      -2032.8       0.769      -0.159       3.678       1   0.88721
        6   8      -2026.3       0.809      -0.153       3.567       1   0.88166
        7   8      -2034.8       0.788      -0.149       3.669       1   0.88577
        8   8      -2044.7       0.737      -0.171       3.768       1   0.89053
        9   8      -2040.6       0.790      -0.140       3.797       1   0.88685
       10   8      -2037.4       0.790      -0.148       3.783       1   0.88555
       11   8      -2039.7       0.780      -0.164       3.786       1   0.88471
       12   8      -2041.7       0.766      -0.131       3.792       1   0.89230

 Cycle  13,  Fermi energy = -10.827 eV, Occupancy val abs =  1.378

 Cycle  13: Total energy =      -432924.7 eV, Delta energy =    288.141 >   4.800 eV
             Delta ch (  3) = 0.653, Ch =  2.317, Ch_p =  1.664, Weight = 0.02500, Mod_p =  0

      ipr   Z   Energy_Tot      Charge     Ch-Ch_i  pop_orb_val(L)   L    Radius
        1  22     -23018.9       1.646       0.305       1.383       2   1.21014
        2  22     -22959.2       1.690       0.323       1.349       2   1.20725
        3  22     -22964.8       1.680       0.345       1.378       2   1.21094
        4  22     -23013.8       1.663       0.295       1.401       2   1.20711
        5   8      -2030.6       0.763      -0.165       3.661       1   0.88721
        6   8      -2024.7       0.804      -0.159       3.555       1   0.88166
        7   8      -2030.8       0.782      -0.156       3.636       1   0.88577
        8   8      -2040.7       0.730      -0.178       3.736       1   0.89053
        9   8      -2037.6       0.783      -0.148       3.772       1   0.88685
       10   8      -2034.7       0.784      -0.154       3.761       1   0.88555
       11   8      -2036.0       0.773      -0.170       3.756       1   0.88471
       12   8      -2039.2       0.759      -0.138       3.773       1   0.89230

 Cycle  14,  Fermi energy = -10.719 eV, Occupancy val abs =  1.426

 Cycle  14: Total energy =      -432950.3 eV, Delta energy =    282.196 >   4.800 eV
             Delta ch (  3) = 0.583, Ch =  2.263, Ch_p =  1.680, Weight = 0.02500, Mod_p =  0

      ipr   Z   Energy_Tot      Charge     Ch-Ch_i  pop_orb_val(L)   L    Radius
        1  22     -22995.2       1.659       0.317       1.360       2   1.21014
        2  22     -22973.9       1.704       0.337       1.397       2   1.20725
        3  22     -22979.4       1.695       0.359       1.426       2   1.21094
        4  22     -23023.0       1.672       0.304       1.437       2   1.20711
        5   8      -2029.8       0.758      -0.170       3.658       1   0.88721
        6   8      -2024.8       0.798      -0.164       3.559       1   0.88166
        7   8      -2030.3       0.775      -0.162       3.634       1   0.88577
        8   8      -2039.2       0.723      -0.185       3.725       1   0.89053
        9   8      -2036.2       0.776      -0.154       3.763       1   0.88685
       10   8      -2033.3       0.778      -0.161       3.752       1   0.88555
       11   8      -2033.9       0.767      -0.176       3.740       1   0.88471
       12   8      -2038.6       0.752      -0.144       3.771       1   0.89230

 Cycle  15,  Fermi energy = -10.611 eV, Occupancy val abs =  1.473

 Cycle  15: Total energy =      -432969.7 eV, Delta energy =    386.647 >   4.800 eV
             Delta ch (  3) = 0.510, Ch =  2.205, Ch_p =  1.695, Weight = 0.02500, Mod_p =  0

      ipr   Z   Energy_Tot      Charge     Ch-Ch_i  pop_orb_val(L)   L    Radius
        1  22     -23014.9       1.669       0.327       1.422       2   1.21014
        2  22     -22988.4       1.717       0.349       1.443       2   1.20725
        3  22     -22994.8       1.707       0.372       1.473       2   1.21094
        4  22     -22985.7       1.685       0.317       1.392       2   1.20711
        5   8      -2029.2       0.752      -0.176       3.655       1   0.88721
        6   8      -2024.1       0.793      -0.169       3.555       1   0.88166
        7   8      -2028.4       0.769      -0.168       3.620       1   0.88577
        8   8      -2040.3       0.716      -0.192       3.738       1   0.89053
        9   8      -2034.5       0.769      -0.161       3.752       1   0.88685
       10   8      -2032.0       0.772      -0.167       3.744       1   0.88555
       11   8      -2033.4       0.762      -0.182       3.738       1   0.88471
       12   8      -2036.7       0.746      -0.151       3.757       1   0.89230

 Cycle  16,  Fermi energy = -10.526 eV, Occupancy val abs =  1.514

 Cycle  16: Total energy =      -433081.2 eV, Delta energy =    323.192 >   4.800 eV
             Delta ch (  2) = 0.445, Ch =  2.162, Ch_p =  1.717, Weight = 0.02500, Mod_p =  0

      ipr   Z   Energy_Tot      Charge     Ch-Ch_i  pop_orb_val(L)   L    Radius
        1  22     -23029.4       1.677       0.336       1.470       2   1.21014
        2  22     -22997.6       1.728       0.360       1.478       2   1.20725
        3  22     -23008.8       1.718       0.383       1.514       2   1.21094
        4  22     -23001.3       1.696       0.327       1.440       2   1.20711
        5   8      -2029.5       0.747      -0.181       3.659       1   0.88721
        6   8      -2024.9       0.788      -0.174       3.564       1   0.88166
        7   8      -2021.1       0.765      -0.172       3.556       1   0.88577
        8   8      -2037.1       0.710      -0.198       3.712       1   0.89053
        9   8      -2030.0       0.764      -0.166       3.714       1   0.88685
       10   8      -2029.4       0.766      -0.172       3.722       1   0.88555
       11   8      -2029.9       0.757      -0.187       3.709       1   0.88471
       12   8      -2031.4       0.741      -0.156       3.712       1   0.89230

 Cycle  17,  Fermi energy = -10.449 eV, Occupancy val abs =  1.552

 Cycle  17: Total energy =      -433189.5 eV, Delta energy =    304.550 >   4.800 eV
             Delta ch (  2) = 0.385, Ch =  2.113, Ch_p =  1.728, Weight = 0.02500, Mod_p =  0

      ipr   Z   Energy_Tot      Charge     Ch-Ch_i  pop_orb_val(L)   L    Radius
        1  22     -23040.5       1.684       0.343       1.509       2   1.21014
        2  22     -23010.5       1.737       0.370       1.516       2   1.20725
        3  22     -23022.2       1.728       0.393       1.552       2   1.21094
        4  22     -23015.4       1.705       0.337       1.484       2   1.20711
        5   8      -2025.7       0.742      -0.186       3.627       1   0.88721
        6   8      -2020.1       0.784      -0.179       3.522       1   0.88166
        7   8      -2019.7       0.762      -0.176       3.545       1   0.88577
        8   8      -2033.8       0.705      -0.203       3.684       1   0.89053
        9   8      -2027.3       0.760      -0.170       3.692       1   0.88685
       10   8      -2026.2       0.762      -0.176       3.697       1   0.88555
       11   8      -2027.1       0.752      -0.191       3.686       1   0.88471
       12   8      -2028.9       0.737      -0.160       3.692       1   0.89230

 Cycle  18,  Fermi energy = -10.382 eV, Occupancy val abs =  1.586

 Cycle  18: Total energy =      -433282.9 eV, Delta energy =    268.380 >   4.800 eV
             Delta ch (  2) = 0.328, Ch =  2.065, Ch_p =  1.737, Weight = 0.02500, Mod_p =  0

      ipr   Z   Energy_Tot      Charge     Ch-Ch_i  pop_orb_val(L)   L    Radius
        1  22     -23049.4       1.691       0.349       1.540       2   1.21014
        2  22     -23022.8       1.745       0.378       1.551       2   1.20725
        3  22     -23033.8       1.736       0.401       1.586       2   1.21094
        4  22     -23027.9       1.713       0.344       1.523       2   1.20711
        5   8      -2023.1       0.738      -0.190       3.605       1   0.88721
        6   8      -2017.4       0.780      -0.182       3.499       1   0.88166
        7   8      -2017.4       0.758      -0.179       3.526       1   0.88577
        8   8      -2030.5       0.700      -0.208       3.656       1   0.89053
        9   8      -2024.6       0.756      -0.174       3.669       1   0.88685
       10   8      -2023.6       0.758      -0.180       3.675       1   0.88555
       11   8      -2024.2       0.749      -0.195       3.662       1   0.88471
       12   8      -2026.2       0.733      -0.164       3.670       1   0.89230

 Cycle  19,  Fermi energy = -10.323 eV, Occupancy val abs =  1.616

 Cycle  19: Total energy =      -433364.2 eV, Delta energy =    238.723 >   4.800 eV
             Delta ch (  3) = 0.277, Ch =  2.013, Ch_p =  1.736, Weight = 0.02500, Mod_p =  0

      ipr   Z   Energy_Tot      Charge     Ch-Ch_i  pop_orb_val(L)   L    Radius
        1  22     -23056.9       1.696       0.354       1.566       2   1.21014
        2  22     -23033.7       1.752       0.385       1.582       2   1.20725
        3  22     -23043.9       1.743       0.408       1.616       2   1.21094
        4  22     -23039.4       1.719       0.351       1.560       2   1.20711
        5   8      -2020.6       0.735      -0.193       3.584       1   0.88721
        6   8      -2014.9       0.777      -0.185       3.478       1   0.88166
        7   8      -2015.4       0.756      -0.182       3.509       1   0.88577
        8   8      -2027.6       0.697      -0.212       3.632       1   0.89053
        9   8      -2022.1       0.752      -0.178       3.649       1   0.88685
       10   8      -2021.1       0.755      -0.183       3.655       1   0.88555
       11   8      -2021.7       0.746      -0.198       3.642       1   0.88471
       12   8      -2023.8       0.730      -0.167       3.650       1   0.89230

 Cycle  20,  Fermi energy = -10.267 eV, Occupancy val abs =  1.634

 Cycle  20: Total energy =      -433409.9 eV, Delta energy =    147.880 >   4.800 eV
             Delta ch (  3) = 0.252, Ch =  1.995, Ch_p =  1.743, Weight = 0.02500, Mod_p =  0

      ipr   Z   Energy_Tot      Charge     Ch-Ch_i  pop_orb_val(L)   L    Radius
        1  22     -23061.5       1.700       0.358       1.585       2   1.21014
        2  22     -23038.5       1.759       0.391       1.601       2   1.20725
        3  22     -23048.3       1.749       0.414       1.634       2   1.21094
        4  22     -23049.8       1.724       0.356       1.592       2   1.20711
        5   8      -2018.9       0.732      -0.196       3.571       1   0.88721
        6   8      -2013.5       0.775      -0.187       3.467       1   0.88166
        7   8      -2014.4       0.753      -0.184       3.501       1   0.88577
        8   8      -2025.6       0.693      -0.215       3.616       1   0.89053
        9   8      -2020.4       0.750      -0.180       3.636       1   0.88685
       10   8      -2019.4       0.752      -0.186       3.641       1   0.88555
       11   8      -2020.0       0.743      -0.201       3.628       1   0.88471
       12   8      -2022.3       0.727      -0.170       3.638       1   0.89230

 Cycle  21,  Fermi energy = -10.215 eV, Occupancy val abs =  1.650

 Cycle  21: Total energy =      -433447.8 eV, Delta energy =    125.829 >   4.800 eV
             Delta ch (  3) = 0.230, Ch =  1.979, Ch_p =  1.749, Weight = 0.02500, Mod_p =  0

      ipr   Z   Energy_Tot      Charge     Ch-Ch_i  pop_orb_val(L)   L    Radius
        1  22     -23065.4       1.704       0.363       1.601       2   1.21014
        2  22     -23047.0       1.764       0.396       1.625       2   1.20725
        3  22     -23052.1       1.755       0.420       1.650       2   1.21094
        4  22     -23054.1       1.729       0.360       1.610       2   1.20711
        5   8      -2017.1       0.729      -0.199       3.556       1   0.88721
        6   8      -2011.7       0.773      -0.189       3.452       1   0.88166
        7   8      -2013.7       0.751      -0.187       3.497       1   0.88577
        8   8      -2024.0       0.690      -0.218       3.604       1   0.89053
        9   8      -2019.2       0.747      -0.183       3.627       1   0.88685
       10   8      -2018.0       0.750      -0.189       3.630       1   0.88555
       11   8      -2018.6       0.741      -0.203       3.618       1   0.88471
       12   8      -2021.1       0.725      -0.172       3.630       1   0.89230

 Cycle  22,  Fermi energy = -10.169 eV, Occupancy val abs =  1.674

 Cycle  22: Total energy =      -433484.3 eV, Delta energy =    123.193 >   4.800 eV
             Delta ch (  2) = 0.191, Ch =  1.955, Ch_p =  1.764, Weight = 0.02500, Mod_p =  0

      ipr   Z   Energy_Tot      Charge     Ch-Ch_i  pop_orb_val(L)   L    Radius
        1  22     -23070.9       1.708       0.366       1.619       2   1.21014
        2  22     -23050.1       1.769       0.401       1.639       2   1.20725
        3  22     -23060.0       1.760       0.425       1.674       2   1.21094
        4  22     -23057.6       1.733       0.365       1.624       2   1.20711
        5   8      -2016.0       0.727      -0.201       3.547       1   0.88721
        6   8      -2010.7       0.771      -0.191       3.445       1   0.88166
        7   8      -2011.9       0.749      -0.188       3.482       1   0.88577
        8   8      -2022.5       0.688      -0.220       3.592       1   0.89053
        9   8      -2017.8       0.745      -0.185       3.616       1   0.88685
       10   8      -2016.8       0.747      -0.191       3.621       1   0.88555
       11   8      -2017.3       0.739      -0.205       3.608       1   0.88471
       12   8      -2019.6       0.722      -0.174       3.618       1   0.89230

 Cycle  23,  Fermi energy = -10.126 eV, Occupancy val abs =  1.684

 Cycle  23: Total energy =      -433509.2 eV, Delta energy =     92.406 >   4.800 eV
             Delta ch (  3) = 0.176, Ch =  1.936, Ch_p =  1.760, Weight = 0.02500, Mod_p =  0

      ipr   Z   Energy_Tot      Charge     Ch-Ch_i  pop_orb_val(L)   L    Radius
        1  22     -23073.2       1.711       0.369       1.629       2   1.21014
        2  22     -23052.7       1.773       0.405       1.650       2   1.20725
        3  22     -23062.3       1.764       0.429       1.684       2   1.21094
        4  22     -23065.0       1.736       0.368       1.646       2   1.20711
        5   8      -2014.9       0.725      -0.203       3.539       1   0.88721
        6   8      -2009.8       0.769      -0.193       3.438       1   0.88166
        7   8      -2011.3       0.747      -0.190       3.478       1   0.88577
        8   8      -2021.2       0.686      -0.222       3.581       1   0.89053
        9   8      -2016.6       0.743      -0.187       3.607       1   0.88685
       10   8      -2015.7       0.745      -0.193       3.613       1   0.88555
       11   8      -2016.2       0.737      -0.207       3.599       1   0.88471
       12   8      -2018.5       0.721      -0.176       3.610       1   0.89230

 Cycle  24,  Fermi energy = -10.085 eV, Occupancy val abs =  1.693

 Cycle  24: Total energy =      -433527.7 eV, Delta energy =     74.630 >   4.800 eV
             Delta ch (  3) = 0.162, Ch =  1.927, Ch_p =  1.764, Weight = 0.02500, Mod_p =  0

      ipr   Z   Energy_Tot      Charge     Ch-Ch_i  pop_orb_val(L)   L    Radius
        1  22     -23075.1       1.713       0.372       1.638       2   1.21014
        2  22     -23058.5       1.777       0.409       1.667       2   1.20725
        3  22     -23064.2       1.768       0.433       1.693       2   1.21094
        4  22     -23066.9       1.739       0.371       1.655       2   1.20711
        5   8      -2013.6       0.724      -0.204       3.529       1   0.88721
        6   8      -2008.5       0.768      -0.194       3.428       1   0.88166
        7   8      -2011.0       0.746      -0.192       3.477       1   0.88577
        8   8      -2020.2       0.684      -0.224       3.574       1   0.89053
        9   8      -2015.9       0.741      -0.189       3.602       1   0.88685
       10   8      -2014.8       0.744      -0.195       3.606       1   0.88555
       11   8      -2015.3       0.736      -0.208       3.593       1   0.88471
       12   8      -2017.8       0.719      -0.178       3.605       1   0.89230

 Cycle  25,  Fermi energy = -10.049 eV, Occupancy val abs =  1.713

 Cycle  25: Total energy =      -433544.4 eV, Delta energy =     70.697 >   4.800 eV
             Delta ch (  2) = 0.135, Ch =  1.912, Ch_p =  1.777, Weight = 0.02500, Mod_p =  0

      ipr   Z   Energy_Tot      Charge     Ch-Ch_i  pop_orb_val(L)   L    Radius
        1  22     -23076.7       1.716       0.374       1.645       2   1.21014
        2  22     -23060.1       1.780       0.413       1.675       2   1.20725
        3  22     -23070.5       1.772       0.436       1.713       2   1.21094
        4  22     -23068.5       1.742       0.373       1.663       2   1.20711
        5   8      -2013.0       0.722      -0.206       3.525       1   0.88721
        6   8      -2008.0       0.767      -0.196       3.425       1   0.88166
        7   8      -2009.7       0.744      -0.193       3.467       1   0.88577
        8   8      -2019.2       0.682      -0.226       3.567       1   0.89053
        9   8      -2015.0       0.739      -0.191       3.595       1   0.88685
       10   8      -2014.1       0.742      -0.196       3.601       1   0.88555
       11   8      -2014.5       0.734      -0.209       3.587       1   0.88471
       12   8      -2016.8       0.717      -0.179       3.597       1   0.89230

 Cycle  26,  Fermi energy = -10.014 eV, Occupancy val abs =  1.719

 Cycle  26: Total energy =      -433553.7 eV, Delta energy =     49.891 >   4.800 eV
             Delta ch (  2) = 0.125, Ch =  1.905, Ch_p =  1.780, Weight = 0.02500, Mod_p =  0

      ipr   Z   Energy_Tot      Charge     Ch-Ch_i  pop_orb_val(L)   L    Radius
        1  22     -23080.4       1.718       0.376       1.656       2   1.21014
        2  22     -23061.4       1.783       0.416       1.681       2   1.20725
        3  22     -23071.4       1.775       0.439       1.719       2   1.21094
        4  22     -23069.9       1.744       0.376       1.669       2   1.20711
        5   8      -2012.4       0.721      -0.207       3.520       1   0.88721
        6   8      -2007.5       0.766      -0.197       3.421       1   0.88166
        7   8      -2009.4       0.743      -0.194       3.465       1   0.88577
        8   8      -2018.6       0.681      -0.228       3.563       1   0.89053
        9   8      -2014.2       0.738      -0.192       3.590       1   0.88685
       10   8      -2013.3       0.741      -0.197       3.596       1   0.88555
       11   8      -2013.9       0.733      -0.211       3.583       1   0.88471
       12   8      -2016.1       0.716      -0.181       3.592       1   0.89230

 Cycle  27,  Fermi energy =  -9.982 eV, Occupancy val abs =  1.722

 Cycle  27: Total energy =      -433562.0 eV, Delta energy =     46.899 >   4.800 eV
             Delta ch (  2) = 0.117, Ch =  1.900, Ch_p =  1.783, Weight = 0.02500, Mod_p =  0

      ipr   Z   Energy_Tot      Charge     Ch-Ch_i  pop_orb_val(L)   L    Radius
        1  22     -23081.0       1.720       0.378       1.660       2   1.21014
        2  22     -23062.5       1.786       0.419       1.687       2   1.20725
        3  22     -23071.9       1.778       0.442       1.722       2   1.21094
        4  22     -23074.7       1.746       0.378       1.682       2   1.20711
        5   8      -2011.8       0.719      -0.208       3.516       1   0.88721
        6   8      -2007.0       0.765      -0.198       3.418       1   0.88166
        7   8      -2009.0       0.742      -0.196       3.462       1   0.88577
        8   8      -2017.8       0.679      -0.229       3.556       1   0.89053
        9   8      -2013.6       0.737      -0.193       3.585       1   0.88685
       10   8      -2012.7       0.740      -0.199       3.591       1   0.88555
       11   8      -2013.2       0.732      -0.212       3.578       1   0.88471
       12   8      -2015.5       0.715      -0.182       3.588       1   0.89230

 Cycle  28,  Fermi energy =  -9.949 eV, Occupancy val abs =  1.726

 Cycle  28: Total energy =      -433553.1 eV, Delta energy =     30.550 >   4.800 eV
             Delta ch (  2) = 0.109, Ch =  1.895, Ch_p =  1.786, Weight = 0.02500, Mod_p =  0

      ipr   Z   Energy_Tot      Charge     Ch-Ch_i  pop_orb_val(L)   L    Radius
        1  22     -23081.5       1.721       0.380       1.663       2   1.21014
        2  22     -23063.5       1.789       0.421       1.692       2   1.20725
        3  22     -23072.6       1.780       0.445       1.726       2   1.21094
        4  22     -23071.2       1.748       0.380       1.677       2   1.20711
        5   8      -2011.4       0.718      -0.210       3.514       1   0.88721
        6   8      -2006.7       0.764      -0.199       3.416       1   0.88166
        7   8      -2009.4       0.740      -0.197       3.467       1   0.88577
        8   8      -2017.5       0.678      -0.230       3.555       1   0.89053
        9   8      -2013.5       0.735      -0.195       3.586       1   0.88685
       10   8      -2012.5       0.738      -0.200       3.591       1   0.88555
       11   8      -2013.0       0.731      -0.213       3.578       1   0.88471
       12   8      -2015.5       0.714      -0.183       3.590       1   0.89230

 Cycle  29,  Fermi energy =  -9.918 eV, Occupancy val abs =  1.729

 Cycle  29: Total energy =      -433551.4 eV, Delta energy =     21.463 >   4.800 eV
             Delta ch (  3) = 0.102, Ch =  1.883, Ch_p =  1.780, Weight = 0.02500, Mod_p =  0

      ipr   Z   Energy_Tot      Charge     Ch-Ch_i  pop_orb_val(L)   L    Radius
        1  22     -23081.9       1.723       0.381       1.666       2   1.21014
        2  22     -23064.2       1.791       0.424       1.696       2   1.20725
        3  22     -23073.0       1.783       0.447       1.729       2   1.21094
        4  22     -23071.9       1.750       0.382       1.682       2   1.20711
        5   8      -2011.4       0.717      -0.211       3.516       1   0.88721
        6   8      -2007.0       0.763      -0.200       3.420       1   0.88166
        7   8      -2008.6       0.739      -0.198       3.462       1   0.88577
        8   8      -2017.1       0.677      -0.231       3.552       1   0.89053
        9   8      -2013.0       0.734      -0.196       3.583       1   0.88685
       10   8      -2012.3       0.737      -0.201       3.590       1   0.88555
       11   8      -2012.6       0.730      -0.214       3.575       1   0.88471
       12   8      -2015.0       0.713      -0.184       3.586       1   0.89230

 Cycle  30,  Fermi energy =  -9.890 eV, Occupancy val abs =  1.732

 Cycle  30: Total energy =      -433557.1 eV, Delta energy =     38.278 >   4.800 eV
             Delta ch (  3) = 0.097, Ch =  1.880, Ch_p =  1.783, Weight = 0.02500, Mod_p =  0

      ipr   Z   Energy_Tot      Charge     Ch-Ch_i  pop_orb_val(L)   L    Radius
        1  22     -23082.1       1.725       0.383       1.668       2   1.21014
        2  22     -23064.8       1.794       0.426       1.700       2   1.20725
        3  22     -23073.2       1.785       0.450       1.732       2   1.21094
        4  22     -23076.3       1.752       0.383       1.693       2   1.20711
        5   8      -2010.8       0.716      -0.212       3.511       1   0.88721
        6   8      -2006.2       0.762      -0.201       3.414       1   0.88166
        7   8      -2008.1       0.738      -0.199       3.458       1   0.88577
        8   8      -2016.6       0.676      -0.233       3.549       1   0.89053
        9   8      -2012.6       0.733      -0.197       3.580       1   0.88685
       10   8      -2011.8       0.736      -0.202       3.587       1   0.88555
       11   8      -2012.2       0.729      -0.214       3.573       1   0.88471
       12   8      -2014.5       0.712      -0.185       3.583       1   0.89230

 Cycle  31,  Fermi energy =  -9.863 eV, Occupancy val abs =  1.734

 Cycle  31: Total energy =      -433559.2 eV, Delta energy =     28.508 >   4.800 eV
             Delta ch (  3) = 0.093, Ch =  1.878, Ch_p =  1.785, Weight = 0.02500, Mod_p =  0

      ipr   Z   Energy_Tot      Charge     Ch-Ch_i  pop_orb_val(L)   L    Radius
        1  22     -23082.2       1.726       0.384       1.670       2   1.21014
        2  22     -23068.3       1.796       0.428       1.709       2   1.20725
        3  22     -23073.4       1.788       0.452       1.734       2   1.21094
        4  22     -23076.3       1.753       0.385       1.694       2   1.20711
        5   8      -2010.1       0.715      -0.212       3.506       1   0.88721
        6   8      -2005.3       0.761      -0.201       3.408       1   0.88166
        7   8      -2008.0       0.737      -0.200       3.459       1   0.88577
        8   8      -2016.2       0.675      -0.234       3.547       1   0.89053
        9   8      -2012.3       0.732      -0.198       3.579       1   0.88685
       10   8      -2011.4       0.735      -0.203       3.585       1   0.88555
       11   8      -2011.9       0.728      -0.215       3.571       1   0.88471
       12   8      -2014.3       0.711      -0.186       3.582       1   0.89230

 Cycle  32,  Fermi energy =  -9.837 eV, Occupancy val abs =  1.736

 Cycle  32: Total energy =      -433553.2 eV, Delta energy =      9.722 >   4.800 eV
             Delta ch (  3) = 0.088, Ch =  1.876, Ch_p =  1.788, Weight = 0.02500, Mod_p =  0

      ipr   Z   Energy_Tot      Charge     Ch-Ch_i  pop_orb_val(L)   L    Radius
        1  22     -23082.3       1.727       0.385       1.672       2   1.21014
        2  22     -23068.3       1.798       0.430       1.711       2   1.20725
        3  22     -23073.5       1.790       0.454       1.736       2   1.21094
        4  22     -23076.1       1.754       0.386       1.695       2   1.20711
        5   8      -2010.2       0.715      -0.213       3.507       1   0.88721
        6   8      -2005.5       0.760      -0.202       3.411       1   0.88166
        7   8      -2007.5       0.737      -0.201       3.455       1   0.88577
        8   8      -2016.0       0.674      -0.235       3.546       1   0.89053
        9   8      -2012.0       0.731      -0.199       3.577       1   0.88685
       10   8      -2011.3       0.734      -0.204       3.585       1   0.88555
       11   8      -2011.7       0.728      -0.216       3.570       1   0.88471
       12   8      -2013.9       0.710      -0.187       3.580       1   0.89230

 Cycle  33,  Fermi energy =  -9.813 eV, Occupancy val abs =  1.748

 Cycle  33: Total energy =      -433552.5 eV, Delta energy =     31.892 >   4.800 eV
             Delta ch (  2) = 0.072, Ch =  1.870, Ch_p =  1.798, Weight = 0.02500, Mod_p =  0

      ipr   Z   Energy_Tot      Charge     Ch-Ch_i  pop_orb_val(L)   L    Radius
        1  22     -23082.0       1.729       0.387       1.673       2   1.21014
        2  22     -23067.9       1.799       0.432       1.711       2   1.20725
        3  22     -23077.4       1.791       0.456       1.748       2   1.21094
        4  22     -23075.5       1.756       0.387       1.695       2   1.20711
        5   8      -2009.7       0.714      -0.214       3.504       1   0.88721
        6   8      -2005.0       0.760      -0.202       3.406       1   0.88166
        7   8      -2007.1       0.736      -0.202       3.452       1   0.88577
        8   8      -2015.9       0.673      -0.235       3.546       1   0.89053
        9   8      -2011.7       0.730      -0.200       3.576       1   0.88685
       10   8      -2011.0       0.734      -0.205       3.583       1   0.88555
       11   8      -2011.4       0.727      -0.216       3.569       1   0.88471
       12   8      -2013.6       0.709      -0.188       3.578       1   0.89230

 Cycle  34,  Fermi energy =  -9.790 eV, Occupancy val abs =  1.748

 Cycle  34: Total energy =      -433545.8 eV, Delta energy =      7.673 >   4.800 eV
             Delta ch (  2) = 0.069, Ch =  1.868, Ch_p =  1.799, Weight = 0.02500, Mod_p =  0

      ipr   Z   Energy_Tot      Charge     Ch-Ch_i  pop_orb_val(L)   L    Radius
        1  22     -23082.0       1.730       0.388       1.674       2   1.21014
        2  22     -23067.8       1.801       0.434       1.712       2   1.20725
        3  22     -23077.0       1.793       0.458       1.748       2   1.21094
        4  22     -23075.4       1.757       0.388       1.696       2   1.20711
        5   8      -2009.7       0.713      -0.215       3.505       1   0.88721
        6   8      -2005.1       0.759      -0.203       3.409       1   0.88166
        7   8      -2007.1       0.735      -0.202       3.453       1   0.88577
        8   8      -2015.7       0.672      -0.236       3.545       1   0.89053
        9   8      -2011.4       0.730      -0.200       3.574       1   0.88685
       10   8      -2010.7       0.733      -0.205       3.581       1   0.88555
       11   8      -2011.2       0.726      -0.217       3.568       1   0.88471
       12   8      -2013.3       0.708      -0.188       3.577       1   0.89230

 Cycle  35,  Fermi energy =  -9.765 eV, Occupancy val abs =  1.736

 Cycle  35: Total energy =      -433530.5 eV, Delta energy =     22.887 >   4.800 eV
             Delta ch (  3) = 0.083, Ch =  1.876, Ch_p =  1.793, Weight = 0.02500, Mod_p =  0

      ipr   Z   Energy_Tot      Charge     Ch-Ch_i  pop_orb_val(L)   L    Radius
        1  22     -23082.0       1.731       0.389       1.675       2   1.21014
        2  22     -23067.9       1.803       0.435       1.714       2   1.20725
        3  22     -23072.3       1.795       0.460       1.736       2   1.21094
        4  22     -23075.4       1.758       0.390       1.697       2   1.20711
        5   8      -2009.8       0.712      -0.216       3.507       1   0.88721
        6   8      -2005.4       0.759      -0.204       3.412       1   0.88166
        7   8      -2007.4       0.734      -0.203       3.457       1   0.88577
        8   8      -2015.8       0.671      -0.237       3.547       1   0.89053
        9   8      -2011.4       0.729      -0.201       3.575       1   0.88685
       10   8      -2010.7       0.732      -0.206       3.582       1   0.88555
       11   8      -2011.2       0.726      -0.218       3.569       1   0.88471
       12   8      -2013.4       0.708      -0.189       3.578       1   0.89230

 Cycle  36,  Fermi energy =  -9.742 eV, Occupancy val abs =  1.738

 Cycle  36: Total energy =      -433524.5 eV, Delta energy =      6.562 >   4.800 eV
             Delta ch (  3) = 0.080, Ch =  1.875, Ch_p =  1.795, Weight = 0.02500, Mod_p =  0

      ipr   Z   Energy_Tot      Charge     Ch-Ch_i  pop_orb_val(L)   L    Radius
        1  22     -23081.9       1.732       0.390       1.676       2   1.21014
        2  22     -23067.8       1.804       0.437       1.714       2   1.20725
        3  22     -23072.4       1.797       0.462       1.738       2   1.21094
        4  22     -23075.2       1.759       0.391       1.697       2   1.20711
        5   8      -2009.6       0.712      -0.216       3.506       1   0.88721
        6   8      -2005.0       0.758      -0.204       3.410       1   0.88166
        7   8      -2007.1       0.734      -0.204       3.455       1   0.88577
        8   8      -2015.6       0.670      -0.238       3.546       1   0.89053
        9   8      -2011.4       0.728      -0.202       3.576       1   0.88685
       10   8      -2010.7       0.731      -0.207       3.583       1   0.88555
       11   8      -2011.2       0.725      -0.218       3.570       1   0.88471
       12   8      -2013.3       0.707      -0.190       3.578       1   0.89230

 Cycle  37,  Fermi energy =  -9.720 eV, Occupancy val abs =  1.739

 Cycle  37: Total energy =      -433518.2 eV, Delta energy =      6.245 >   4.800 eV
             Delta ch (  3) = 0.077, Ch =  1.874, Ch_p =  1.797, Weight = 0.02500, Mod_p =  0

      ipr   Z   Energy_Tot      Charge     Ch-Ch_i  pop_orb_val(L)   L    Radius
        1  22     -23081.8       1.733       0.391       1.676       2   1.21014
        2  22     -23067.6       1.806       0.438       1.715       2   1.20725
        3  22     -23072.3       1.799       0.464       1.739       2   1.21094
        4  22     -23074.9       1.760       0.392       1.698       2   1.20711
        5   8      -2009.5       0.711      -0.217       3.506       1   0.88721
        6   8      -2004.9       0.757      -0.205       3.410       1   0.88166
        7   8      -2006.9       0.733      -0.205       3.454       1   0.88577
        8   8      -2015.4       0.669      -0.239       3.545       1   0.89053
        9   8      -2011.4       0.727      -0.203       3.576       1   0.88685
       10   8      -2010.6       0.731      -0.208       3.584       1   0.88555
       11   8      -2011.1       0.725      -0.219       3.570       1   0.88471
       12   8      -2013.1       0.706      -0.190       3.578       1   0.89230

 Cycle  38,  Fermi energy =  -9.699 eV, Occupancy val abs =  1.740

 Cycle  38: Total energy =      -433512.0 eV, Delta energy =      6.226 >   4.800 eV
             Delta ch (  3) = 0.074, Ch =  1.873, Ch_p =  1.799, Weight = 0.02500, Mod_p =  0

      ipr   Z   Energy_Tot      Charge     Ch-Ch_i  pop_orb_val(L)   L    Radius
        1  22     -23081.6       1.734       0.392       1.677       2   1.21014
        2  22     -23067.5       1.807       0.440       1.716       2   1.20725
        3  22     -23072.3       1.801       0.466       1.740       2   1.21094
        4  22     -23074.7       1.761       0.393       1.698       2   1.20711
        5   8      -2009.4       0.710      -0.218       3.506       1   0.88721
        6   8      -2004.8       0.757      -0.205       3.410       1   0.88166
        7   8      -2006.8       0.732      -0.205       3.454       1   0.88577
        8   8      -2015.3       0.668      -0.240       3.545       1   0.89053
        9   8      -2011.3       0.727      -0.203       3.576       1   0.88685
       10   8      -2010.5       0.730      -0.209       3.584       1   0.88555
       11   8      -2010.9       0.724      -0.219       3.570       1   0.88471
       12   8      -2013.0       0.706      -0.191       3.578       1   0.89230

 Cycle  39,  Fermi energy =  -9.678 eV, Occupancy val abs =  1.741

 Cycle  39: Total energy =      -433505.4 eV, Delta energy =      6.652 >   4.800 eV
             Delta ch (  3) = 0.071, Ch =  1.872, Ch_p =  1.801, Weight = 0.02500, Mod_p =  0

      ipr   Z   Energy_Tot      Charge     Ch-Ch_i  pop_orb_val(L)   L    Radius
        1  22     -23081.4       1.735       0.393       1.677       2   1.21014
        2  22     -23067.3       1.809       0.441       1.716       2   1.20725
        3  22     -23072.1       1.803       0.467       1.741       2   1.21094
        4  22     -23074.5       1.762       0.394       1.698       2   1.20711
        5   8      -2009.2       0.710      -0.218       3.505       1   0.88721
        6   8      -2004.7       0.756      -0.206       3.409       1   0.88166
        7   8      -2006.6       0.731      -0.206       3.454       1   0.88577
        8   8      -2015.1       0.668      -0.240       3.545       1   0.89053
        9   8      -2011.1       0.726      -0.204       3.576       1   0.88685
       10   8      -2010.4       0.729      -0.209       3.584       1   0.88555
       11   8      -2010.8       0.724      -0.220       3.569       1   0.88471
       12   8      -2012.9       0.705      -0.192       3.578       1   0.89230

 Cycle  40,  Fermi energy =  -9.658 eV, Occupancy val abs =  1.742

 Cycle  40: Total energy =      -433499.2 eV, Delta energy =      6.178 >   4.800 eV
             Delta ch (  3) = 0.069, Ch =  1.871, Ch_p =  1.803, Weight = 0.02500, Mod_p =  0

      ipr   Z   Energy_Tot      Charge     Ch-Ch_i  pop_orb_val(L)   L    Radius
        1  22     -23081.3       1.736       0.394       1.678       2   1.21014
        2  22     -23067.1       1.810       0.443       1.717       2   1.20725
        3  22     -23072.0       1.804       0.469       1.742       2   1.21094
        4  22     -23074.2       1.763       0.395       1.698       2   1.20711
        5   8      -2009.1       0.709      -0.219       3.505       1   0.88721
        6   8      -2004.6       0.756      -0.207       3.409       1   0.88166
        7   8      -2006.5       0.731      -0.207       3.454       1   0.88577
        8   8      -2015.0       0.667      -0.241       3.544       1   0.89053
        9   8      -2011.0       0.725      -0.205       3.576       1   0.88685
       10   8      -2010.3       0.728      -0.210       3.584       1   0.88555
       11   8      -2010.7       0.723      -0.221       3.569       1   0.88471
       12   8      -2012.8       0.704      -0.192       3.578       1   0.89230

 Cycle  41,  Fermi energy =  -9.639 eV, Occupancy val abs =  1.742

 Cycle  41: Total energy =      -433493.0 eV, Delta energy =      6.134 >   4.800 eV
             Delta ch (  3) = 0.066, Ch =  1.871, Ch_p =  1.804, Weight = 0.02500, Mod_p =  0

      ipr   Z   Energy_Tot      Charge     Ch-Ch_i  pop_orb_val(L)   L    Radius
        1  22     -23081.0       1.737       0.395       1.678       2   1.21014
        2  22     -23066.9       1.811       0.444       1.717       2   1.20725
        3  22     -23071.9       1.806       0.471       1.742       2   1.21094
        4  22     -23074.0       1.764       0.396       1.699       2   1.20711
        5   8      -2009.1       0.708      -0.220       3.505       1   0.88721
        6   8      -2004.5       0.755      -0.207       3.410       1   0.88166
        7   8      -2006.4       0.730      -0.207       3.454       1   0.88577
        8   8      -2014.9       0.666      -0.242       3.544       1   0.89053
        9   8      -2010.9       0.724      -0.206       3.576       1   0.88685
       10   8      -2010.2       0.728      -0.211       3.583       1   0.88555
       11   8      -2010.6       0.722      -0.221       3.569       1   0.88471
       12   8      -2012.7       0.704      -0.193       3.577       1   0.89230

 Cycle  42,  Fermi energy =  -9.622 eV, Occupancy val abs =  1.755

 Cycle  42: Total energy =      -433495.7 eV, Delta energy =     31.845 >   4.800 eV
             Delta ch (  2) = 0.052, Ch =  1.863, Ch_p =  1.811, Weight = 0.02500, Mod_p =  0

      ipr   Z   Energy_Tot      Charge     Ch-Ch_i  pop_orb_val(L)   L    Radius
        1  22     -23080.8       1.738       0.396       1.678       2   1.21014
        2  22     -23066.6       1.813       0.445       1.717       2   1.20725
        3  22     -23076.2       1.807       0.472       1.755       2   1.21094
        4  22     -23073.7       1.765       0.397       1.699       2   1.20711
        5   8      -2008.7       0.708      -0.220       3.503       1   0.88721
        6   8      -2004.0       0.755      -0.207       3.406       1   0.88166
        7   8      -2006.0       0.730      -0.208       3.450       1   0.88577
        8   8      -2014.6       0.666      -0.242       3.542       1   0.89053
        9   8      -2010.7       0.724      -0.206       3.574       1   0.88685
       10   8      -2010.0       0.727      -0.211       3.582       1   0.88555
       11   8      -2010.4       0.722      -0.222       3.568       1   0.88471
       12   8      -2012.4       0.703      -0.193       3.575       1   0.89230

 Cycle  43,  Fermi energy =  -9.603 eV, Occupancy val abs =  1.742

 Cycle  43: Total energy =      -433480.1 eV, Delta energy =     28.572 >   4.800 eV
             Delta ch (  3) = 0.064, Ch =  1.871, Ch_p =  1.807, Weight = 0.02500, Mod_p =  0

      ipr   Z   Energy_Tot      Charge     Ch-Ch_i  pop_orb_val(L)   L    Radius
        1  22     -23080.6       1.739       0.397       1.678       2   1.21014
        2  22     -23066.5       1.814       0.446       1.718       2   1.20725
        3  22     -23071.2       1.809       0.473       1.742       2   1.21094
        4  22     -23073.6       1.766       0.398       1.699       2   1.20711
        5   8      -2009.0       0.707      -0.221       3.506       1   0.88721
        6   8      -2004.6       0.754      -0.208       3.412       1   0.88166
        7   8      -2006.5       0.729      -0.208       3.455       1   0.88577
        8   8      -2014.8       0.665      -0.243       3.545       1   0.89053
        9   8      -2010.6       0.723      -0.207       3.574       1   0.88685
       10   8      -2009.9       0.726      -0.212       3.582       1   0.88555
       11   8      -2010.4       0.722      -0.222       3.568       1   0.88471
       12   8      -2012.4       0.703      -0.194       3.577       1   0.89230

 Cycle  44,  Fermi energy =  -9.587 eV, Occupancy val abs =  1.754

 Cycle  44: Total energy =      -433483.0 eV, Delta energy =     31.765 >   4.800 eV
             Delta ch (  2) = 0.049, Ch =  1.863, Ch_p =  1.814, Weight = 0.02500, Mod_p =  0

      ipr   Z   Energy_Tot      Charge     Ch-Ch_i  pop_orb_val(L)   L    Radius
        1  22     -23080.3       1.740       0.398       1.678       2   1.21014
        2  22     -23066.2       1.815       0.448       1.718       2   1.20725
        3  22     -23075.5       1.810       0.474       1.754       2   1.21094
        4  22     -23073.2       1.767       0.399       1.699       2   1.20711
        5   8      -2008.6       0.707      -0.221       3.503       1   0.88721
        6   8      -2003.9       0.754      -0.208       3.406       1   0.88166
        7   8      -2005.9       0.729      -0.209       3.451       1   0.88577
        8   8      -2014.5       0.664      -0.244       3.543       1   0.89053
        9   8      -2010.4       0.723      -0.207       3.573       1   0.88685
       10   8      -2009.7       0.726      -0.212       3.581       1   0.88555
       11   8      -2010.2       0.721      -0.222       3.568       1   0.88471
       12   8      -2012.2       0.702      -0.194       3.575       1   0.89230

 Cycle  45,  Fermi energy =  -9.569 eV, Occupancy val abs =  1.741

 Cycle  45: Total energy =      -433467.2 eV, Delta energy =     28.546 >   4.800 eV
             Delta ch (  3) = 0.062, Ch =  1.872, Ch_p =  1.810, Weight = 0.02500, Mod_p =  0

      ipr   Z   Energy_Tot      Charge     Ch-Ch_i  pop_orb_val(L)   L    Radius
        1  22     -23080.1       1.741       0.399       1.679       2   1.21014
        2  22     -23066.1       1.816       0.449       1.718       2   1.20725
        3  22     -23070.5       1.811       0.476       1.741       2   1.21094
        4  22     -23073.1       1.768       0.399       1.699       2   1.20711
        5   8      -2008.9       0.706      -0.222       3.507       1   0.88721
        6   8      -2004.4       0.753      -0.209       3.412       1   0.88166
        7   8      -2006.3       0.728      -0.209       3.456       1   0.88577
        8   8      -2014.7       0.664      -0.244       3.545       1   0.89053
        9   8      -2010.4       0.722      -0.208       3.574       1   0.88685
       10   8      -2009.7       0.725      -0.213       3.582       1   0.88555
       11   8      -2010.2       0.721      -0.223       3.568       1   0.88471
       12   8      -2012.3       0.702      -0.195       3.577       1   0.89230

 Cycle  46,  Fermi energy =  -9.554 eV, Occupancy val abs =  1.754

 Cycle  46: Total energy =      -433470.4 eV, Delta energy =     31.780 >   4.800 eV
             Delta ch (  2) = 0.046, Ch =  1.862, Ch_p =  1.816, Weight = 0.02500, Mod_p =  0

      ipr   Z   Energy_Tot      Charge     Ch-Ch_i  pop_orb_val(L)   L    Radius
        1  22     -23079.8       1.741       0.400       1.679       2   1.21014
        2  22     -23065.8       1.818       0.450       1.718       2   1.20725
        3  22     -23074.9       1.812       0.477       1.754       2   1.21094
        4  22     -23072.8       1.769       0.400       1.699       2   1.20711
        5   8      -2008.4       0.706      -0.222       3.503       1   0.88721
        6   8      -2003.7       0.753      -0.209       3.407       1   0.88166
        7   8      -2005.8       0.728      -0.210       3.451       1   0.88577
        8   8      -2014.4       0.663      -0.245       3.543       1   0.89053
        9   8      -2010.3       0.722      -0.208       3.574       1   0.88685
       10   8      -2009.6       0.725      -0.213       3.581       1   0.88555
       11   8      -2010.1       0.720      -0.223       3.568       1   0.88471
       12   8      -2012.0       0.701      -0.195       3.575       1   0.89230

 Cycle  47,  Fermi energy =  -9.538 eV, Occupancy val abs =  1.741

 Cycle  47: Total energy =      -433455.3 eV, Delta energy =     28.168 >   4.800 eV
             Delta ch (  3) = 0.060, Ch =  1.872, Ch_p =  1.812, Weight = 0.02500, Mod_p =  0

      ipr   Z   Energy_Tot      Charge     Ch-Ch_i  pop_orb_val(L)   L    Radius
        1  22     -23079.7       1.742       0.400       1.679       2   1.21014
        2  22     -23065.7       1.819       0.451       1.718       2   1.20725
        3  22     -23069.8       1.814       0.479       1.741       2   1.21094
        4  22     -23072.7       1.769       0.401       1.699       2   1.20711
        5   8      -2008.8       0.705      -0.223       3.507       1   0.88721
        6   8      -2004.3       0.753      -0.210       3.413       1   0.88166
        7   8      -2006.2       0.727      -0.210       3.456       1   0.88577
        8   8      -2014.5       0.663      -0.245       3.545       1   0.89053
        9   8      -2010.3       0.721      -0.209       3.574       1   0.88685
       10   8      -2009.6       0.724      -0.214       3.582       1   0.88555
       11   8      -2010.1       0.720      -0.224       3.569       1   0.88471
       12   8      -2012.1       0.701      -0.196       3.577       1   0.89230

 Cycle  48,  Fermi energy =  -9.523 eV, Occupancy val abs =  1.754

 Cycle  48: Total energy =      -433458.9 eV, Delta energy =     31.773 >   4.800 eV
             Delta ch (  2) = 0.043, Ch =  1.862, Ch_p =  1.819, Weight = 0.02500, Mod_p =  0

      ipr   Z   Energy_Tot      Charge     Ch-Ch_i  pop_orb_val(L)   L    Radius
        1  22     -23079.4       1.743       0.401       1.679       2   1.21014
        2  22     -23065.4       1.820       0.452       1.718       2   1.20725
        3  22     -23074.3       1.815       0.479       1.754       2   1.21094
        4  22     -23072.3       1.770       0.402       1.699       2   1.20711
        5   8      -2008.3       0.705      -0.223       3.503       1   0.88721
        6   8      -2003.6       0.752      -0.210       3.407       1   0.88166
        7   8      -2005.7       0.726      -0.211       3.451       1   0.88577
        8   8      -2014.2       0.662      -0.246       3.543       1   0.89053
        9   8      -2010.2       0.721      -0.210       3.574       1   0.88685
       10   8      -2009.5       0.724      -0.215       3.581       1   0.88555
       11   8      -2010.0       0.719      -0.224       3.568       1   0.88471
       12   8      -2011.9       0.700      -0.196       3.575       1   0.89230

 Cycle  49,  Fermi energy =  -9.509 eV, Occupancy val abs =  1.753

 Cycle  49: Total energy =      -433452.8 eV, Delta energy =      8.193 >   4.800 eV
             Delta ch (  2) = 0.042, Ch =  1.862, Ch_p =  1.820, Weight = 0.02500, Mod_p =  0

      ipr   Z   Energy_Tot      Charge     Ch-Ch_i  pop_orb_val(L)   L    Radius
        1  22     -23079.2       1.744       0.402       1.679       2   1.21014
        2  22     -23065.2       1.821       0.453       1.718       2   1.20725
        3  22     -23073.7       1.816       0.480       1.753       2   1.21094
        4  22     -23072.1       1.771       0.403       1.699       2   1.20711
        5   8      -2008.4       0.704      -0.224       3.504       1   0.88721
        6   8      -2003.8       0.752      -0.210       3.409       1   0.88166
        7   8      -2005.7       0.726      -0.211       3.452       1   0.88577
        8   8      -2014.2       0.662      -0.247       3.543       1   0.89053
        9   8      -2010.0       0.720      -0.210       3.573       1   0.88685
       10   8      -2009.3       0.723      -0.215       3.580       1   0.88555
       11   8      -2009.8       0.719      -0.225       3.567       1   0.88471
       12   8      -2011.8       0.700      -0.197       3.575       1   0.89230

 Cycle  50,  Fermi energy =  -9.495 eV, Occupancy val abs =  1.752

 Cycle  50: Total energy =      -433447.1 eV, Delta energy =      5.940 >   4.800 eV
             Delta ch (  2) = 0.041, Ch =  1.862, Ch_p =  1.821, Weight = 0.02500, Mod_p =  0

      ipr   Z   Energy_Tot      Charge     Ch-Ch_i  pop_orb_val(L)   L    Radius
        1  22     -23079.0       1.744       0.403       1.679       2   1.21014
        2  22     -23065.0       1.822       0.454       1.718       2   1.20725
        3  22     -23073.2       1.817       0.481       1.752       2   1.21094
        4  22     -23071.9       1.772       0.403       1.699       2   1.20711
        5   8      -2008.3       0.704      -0.224       3.505       1   0.88721
        6   8      -2003.8       0.751      -0.211       3.409       1   0.88166
        7   8      -2005.7       0.726      -0.212       3.453       1   0.88577
        8   8      -2014.2       0.661      -0.247       3.543       1   0.89053
        9   8      -2009.9       0.720      -0.210       3.573       1   0.88685
       10   8      -2009.2       0.723      -0.215       3.580       1   0.88555
       11   8      -2009.8       0.719      -0.225       3.567       1   0.88471
       12   8      -2011.7       0.700      -0.197       3.575       1   0.89230

 Cycle  51,  Fermi energy =  -9.482 eV, Occupancy val abs =  1.751

 Cycle  51: Total energy =      -433441.5 eV, Delta energy =      5.609 >   4.800 eV
             Delta ch (  2) = 0.040, Ch =  1.862, Ch_p =  1.822, Weight = 0.02500, Mod_p =  0
                                                            Next weight = 0.01250

      ipr   Z   Energy_Tot      Charge     Ch-Ch_i  pop_orb_val(L)   L    Radius
        1  22     -23078.8       1.745       0.403       1.679       2   1.21014
        2  22     -23064.8       1.822       0.455       1.718       2   1.20725
        3  22     -23072.8       1.817       0.482       1.751       2   1.21094
        4  22     -23071.7       1.772       0.404       1.699       2   1.20711
        5   8      -2008.3       0.704      -0.224       3.505       1   0.88721
        6   8      -2003.7       0.751      -0.211       3.410       1   0.88166
        7   8      -2005.7       0.725      -0.212       3.453       1   0.88577
        8   8      -2014.2       0.661      -0.247       3.543       1   0.89053
        9   8      -2009.8       0.719      -0.211       3.573       1   0.88685
       10   8      -2009.1       0.723      -0.216       3.580       1   0.88555
       11   8      -2009.7       0.718      -0.225       3.567       1   0.88471
       12   8      -2011.7       0.699      -0.197       3.575       1   0.89230

 Cycle  52,  Fermi energy =  -9.475 eV, Occupancy val abs =  1.751

 Cycle  52: Total energy =      -433438.7 eV, Delta energy =      2.712 <   4.800 eV,  Weight = 0.01250. Converged !

      ipr   Z   Energy_Tot      Charge     Ch-Ch_i  pop_orb_val(L)   L    Radius
        1  22     -23078.7       1.745       0.403       1.679       2   1.21014
        2  22     -23064.7       1.823       0.455       1.718       2   1.20725
        3  22     -23072.6       1.818       0.482       1.751       2   1.21094
        4  22     -23071.6       1.773       0.404       1.699       2   1.20711
        5   8      -2008.3       0.703      -0.224       3.505       1   0.88721
        6   8      -2003.7       0.751      -0.211       3.410       1   0.88166
        7   8      -2005.7       0.725      -0.212       3.454       1   0.88577
        8   8      -2014.1       0.661      -0.248       3.544       1   0.89053
        9   8      -2009.8       0.719      -0.211       3.573       1   0.88685
       10   8      -2009.1       0.722      -0.216       3.580       1   0.88555
       11   8      -2009.7       0.718      -0.225       3.568       1   0.88471
       12   8      -2011.7       0.699      -0.197       3.575       1   0.89230

  ia   Z  it  igr ipr iap     posx      posy      posz   igrpt PtGrName Comp  Axe  Mag
   1  22   0   11   0   1   0.00000   0.00000   0.00000    3      m       F    T    F
   2   8   2   43  11   2  -0.59285   1.80890   0.00000    3      m       F    F    F
   3   8   2   35   9   4   1.19529   0.21930   1.48361    1      1       F    F    F
   4   8   2   37  10   6  -1.23595  -0.56918   1.48361    1      1       F    F    F
   5   8   2   45  12   7   0.89866  -1.81659   0.00000    3      m       F    F    F
   6  22   1   11   3   9   0.00000   0.00000   2.96722    1      1       F    T    F
   7  22   1    5   2  10   2.11141  -1.64186   1.48361    1      1       F    F    F
   8   8   2   25   7  12   3.33659  -1.11523   0.00000    3      m       F    F    F
   9   8   2   43  11  13  -0.59285   1.80890   2.96722    1      1       F    F    F
  10   8   2   17   5  15  -3.54399  -0.08876   0.00000    3      m       F    F    F
  11  22   1   13   4  16  -3.01456  -1.19921   1.48361    1      1       F    F    F
  12  22   1    3   1  18  -0.92702   3.11631   1.48361    1      1       F    F    F
  13   8   2   45  12  21   0.89866  -1.81659   2.96722    1      1       F    F    F
  14   8   2   24   6  22  -2.80239  -2.54391   0.00000    3      m       F    F    F
  15   8   2   33   9  23   2.98571   2.50207   0.00000    3      m       F    F    F
  16   8   2   27   7  25   0.84441   3.83661   1.48361    1      1       F    F    F
  17   8   2   19   5  26  -2.94981   2.81014   1.48361    1      1       F    F    F
  18   8   2   31   8  28  -1.44607   4.20687   0.00000    3      m       F    F    F
  19   8   2   32   8  29   0.28967  -4.55887   0.00000    3      m       F    F    F
  20   8   2   21   6  31   2.53501  -3.50046   1.48361    1      1       F    F    F
  21   8   2   25   7  32   3.33659  -1.11523   2.96722    1      1       F    F    F
  22   8   2   35   9  34   1.19529   0.21930   4.45083    1      1       F    F    F
  23   8   2   17   5  37  -3.54399  -0.08876   2.96722    1      1       F    F    F
  24   8   2   37  10  39  -1.23595  -0.56918   4.45083    1      1       F    F    F
  25   8   2   24   6  40  -2.80239  -2.54391   2.96722    1      1       F    F    F
  26  22   1    7   2  42   2.06959   4.36323   0.00000    3      m       F    F    F
  27   8   2   33   9  44   2.98571   2.50207   2.96722    1      1       F    F    F

     V0bdcF =   -14.521 eV,     Vhbdc =    -5.482 eV,     rsbdc =   2.112 a.u.

 ipr    Z     Atom-Charge  Atom-Radius Ionic-Charge Ionic-Radius     Vmft
   0   22*        1.743        1.212        3.476        0.860      -21.957
   1   22         1.733        1.212        3.549        0.860      -22.786
   2   22         1.797        1.212        3.553        0.860      -22.060
   3   22         1.810        1.212        3.547        0.860      -22.427
   4   22         1.745        1.212        3.547        0.860      -22.310
   5    8         0.789        0.869       -1.474        1.400      -21.957
   6    8         0.829        0.865       -1.414        1.400      -21.957
   7    8         0.817        0.867       -1.438        1.400      -21.957
   8    8         0.655        0.892       -1.512        1.400      -21.957
   9    8         0.759        0.878       -1.450        1.400      -21.957
  10    8         0.773        0.875       -1.434        1.400      -21.957
  11    8         0.772        0.873       -1.446        1.400      -21.957
  12    8         0.754        0.880       -1.480        1.400      -21.957
Epsii used =  4856.409 eV
 Number of Energies =  811
    Energy    <xanes>    
  -20.0000  3.5239760E-04
  -19.0000  3.8341457E-04
  -18.0000  5.3330232E-04
  -17.0000  1.9887988E-03
  -16.0000  3.5427439E-01
  -15.0000  1.3147997E-03
  -14.0000  4.4532063E-04
  -13.0000  2.9489683E-04
  -12.0000  2.4020807E-04
  -11.0000  2.1462878E-04
  -10.0000  2.0252927E-04
  -9.95000  2.0217597E-04
  -9.90000  2.0184427E-04
  -9.85000  2.0153398E-04
  -9.80000  2.0124486E-04
  -9.75000  2.0097686E-04
  -9.70000  2.0072985E-04
  -9.65000  2.0050371E-04
  -9.60000  2.0029841E-04
  -9.55000  2.0011387E-04
  -9.50000  1.9995006E-04
  -9.45000  1.9980695E-04
  -9.40000  1.9968456E-04
  -9.35000  1.9958289E-04
  -9.30000  1.9950195E-04
  -9.25000  1.9944172E-04
  -9.20000  1.9940239E-04
  -9.15000  1.9938405E-04
  -9.10000  1.9938682E-04
  -9.05000  1.9941084E-04
  -9.00000  1.9945626E-04
  -8.95000  1.9952326E-04
  -8.90000  1.9961202E-04
  -8.85000  1.9972275E-04
  -8.80000  1.9985562E-04
  -8.75000  2.0001086E-04
  -8.70000  2.0018885E-04
  -8.65000  2.0038991E-04
  -8.60000  2.0061434E-04
  -8.55000  2.0086250E-04
  -8.50000  2.0113476E-04
  -8.45000  2.0143151E-04
  -8.40000  2.0175317E-04
  -8.35000  2.0210009E-04
  -8.30000  2.0247280E-04
  -8.25000  2.0287179E-04
  -8.20000  2.0329767E-04
  -8.15000  2.0375101E-04
  -8.10000  2.0423241E-04
  -8.05000  2.0474251E-04
  -8.00000  2.0528197E-04
  -7.95000  2.0585148E-04
  -7.90000  2.0645167E-04
  -7.85000  2.0708341E-04
  -7.80000  2.0774749E-04
  -7.75000  2.0844486E-04
  -7.70000  2.0917647E-04
  -7.65000  2.0994326E-04
  -7.60000  2.1074627E-04
  -7.55000  2.1158657E-04
  -7.50000  2.1246527E-04
  -7.45000  2.1338341E-04
  -7.40000  2.1434227E-04
  -7.35000  2.1534329E-04
  -7.30000  2.1638791E-04
  -7.25000  2.1747757E-04
  -7.20000  2.1861385E-04
  -7.15000  2.1979835E-04
  -7.10000  2.2103282E-04
  -7.05000  2.2231907E-04
  -7.00000  2.2365884E-04
  -6.95000  2.2505437E-04
  -6.90000  2.2650782E-04
  -6.85000  2.2802148E-04
  -6.80000  2.2959774E-04
  -6.75000  2.3123915E-04
  -6.70000  2.3294836E-04
  -6.65000  2.3472834E-04
  -6.60000  2.3658208E-04
  -6.55000  2.3851255E-04
  -6.50000  2.4052337E-04
  -6.45000  2.4261826E-04
  -6.40000  2.4480104E-04
  -6.35000  2.4707583E-04
  -6.30000  2.4944705E-04
  -6.25000  2.5191931E-04
  -6.20000  2.5449763E-04
  -6.15000  2.5718733E-04
  -6.10000  2.5999376E-04
  -6.05000  2.6292325E-04
  -6.00000  2.6598247E-04
  -5.95000  2.6917835E-04
  -5.90000  2.7251826E-04
  -5.85000  2.7601034E-04
  -5.80000  2.7966318E-04
  -5.75000  2.8348620E-04
  -5.70000  2.8748952E-04
  -5.65000  2.9168345E-04
  -5.60000  2.9608016E-04
  -5.55000  3.0069230E-04
  -5.50000  3.0553382E-04
  -5.45000  3.1061974E-04
  -5.40000  3.1596609E-04
  -5.35000  3.2159067E-04
  -5.30000  3.2751275E-04
  -5.25000  3.3375366E-04
  -5.20000  3.4033584E-04
  -5.15000  3.4728536E-04
  -5.10000  3.5462990E-04
  -5.05000  3.6240072E-04
  -5.00000  3.7063165E-04
  -4.95000  3.7936009E-04
  -4.90000  3.8862771E-04
  -4.85000  3.9848155E-04
  -4.80000  4.0897277E-04
  -4.75000  4.2015859E-04
  -4.70000  4.3210580E-04
  -4.65000  4.4488785E-04
  -4.60000  4.5858720E-04
  -4.55000  4.7329857E-04
  -4.50000  4.8912968E-04
  -4.45000  5.0620297E-04
  -4.40000  5.2466088E-04
  -4.35000  5.4466574E-04
  -4.30000  5.6640958E-04
  -4.25000  5.9011594E-04
  -4.20000  6.1604762E-04
  -4.15000  6.4451597E-04
  -4.10000  6.7589339E-04
  -4.05000  7.1063047E-04
  -4.00000  7.4927641E-04
  -3.95000  7.9250687E-04
  -3.90000  8.4117138E-04
  -3.85000  8.9635079E-04
  -3.80000  9.5944551E-04
  -3.75000  1.0323132E-03
  -3.70000  1.1174880E-03
  -3.65000  1.2185700E-03
  -3.60000  1.3409037E-03
  -3.55000  1.4929437E-03
  -3.50000  1.6893322E-03
  -3.45000  1.9588479E-03
  -3.40000  2.3699661E-03
  -3.35000  3.1447445E-03
  -3.30000  5.5715328E-03
  -3.25000  5.0736146E-02
  -3.20000  1.1615129E-02
  -3.15000  8.7658155E-03
  -3.10000  2.5481556E-02
  -3.05000  8.9863417E-02
  -3.00000  1.6211938E-02
  -2.95000  3.9772473E-02
  -2.90000  3.5235044E-02
  -2.85000  1.9853389E-01
  -2.80000  8.0938290E-01
  -2.75000  7.1884651E-02
  -2.70000  8.7710755E-02
  -2.65000  5.7899714E-02
  -2.60000  9.9653911E-02
  -2.55000  1.6002124E+00
  -2.50000  7.2105538E-01
  -2.45000  4.4559481E-01
  -2.40000  8.0309463E-02
  -2.35000  1.8645500E-01
  -2.30000  3.0940461E-02
  -2.25000  1.0507294E-01
  -2.20000  6.0807437E-02
  -2.15000  7.6238697E-02
  -2.10000  7.3590447E-02
  -2.05000  1.3293267E-01
  -2.00000  1.2841760E-01
  -1.95000  1.3087844E-01
  -1.90000  2.4794070E-01
  -1.85000  1.2977977E-01
  -1.80000  5.9482373E-02
  -1.75000  3.1398929E-02
  -1.70000  9.3201788E-02
  -1.65000  4.7286895E-01
  -1.60000  7.3447874E-02
  -1.55000  3.7311003E-02
  -1.50000  2.0568320E-01
  -1.45000  4.0039513E-01
  -1.40000  1.2662060E-01
  -1.35000  8.8648373E-01
  -1.30000  9.3552025E-02
  -1.25000  2.6348869E-01
  -1.20000  3.5707509E-02
  -1.15000  8.7920961E-02
  -1.10000  1.1194180E-01
  -1.05000  2.7987040E-01
  -1.00000  2.9091187E-02
  -0.95000  6.6440041E-02
  -0.90000  4.2227169E-02
  -0.85000  1.1917007E-01
  -0.80000  5.0275194E-02
  -0.75000  1.6275227E-01
  -0.70000  1.6657036E-01
  -0.65000  2.5089034E-01
  -0.60000  7.7347416E-02
  -0.55000  2.4960381E-01
  -0.50000  1.5955264E-01
  -0.45000  4.0244993E-01
  -0.40000  1.5239915E-01
  -0.35000  8.2476513E-01
  -0.30000  3.9678611E-01
  -0.25000  6.0205274E-01
  -0.20000  2.0817579E-01
  -0.15000  3.3773393E-01
  -0.10000  1.0049039E-01
  -0.05000  2.0391854E-01
  -0.00000  4.5156423E-02
   0.05000  3.1692523E-01
   0.10000  1.6614747E-01
   0.15000  7.7476090E-02
   0.20000  3.4188961E-02
   0.25000  7.1295557E-02
   0.30000  4.1298536E-02
   0.35000  2.5898188E-02
   0.40000  1.3165436E-02
   0.45000  5.9806488E-03
   0.50000  3.2980605E-03
   0.55000  2.4812056E-03
   0.60000  2.0569711E-03
   0.65000  1.7742472E-03
   0.70000  1.5674840E-03
   0.75000  1.4081811E-03
   0.80000  1.2812158E-03
   0.85000  1.1775949E-03
   0.90000  1.0915621E-03
   0.95000  1.0192540E-03
   1.00000  9.5799807E-04
   1.05000  9.0598932E-04
   1.10000  8.6230306E-04
   1.15000  8.2820729E-04
   1.20000  8.2685083E-04
   1.25000  1.0289145E-03
   1.30000  7.5189198E-04
   1.35000  7.2167398E-04
   1.40000  7.0459975E-04
   1.45000  6.9385387E-04
   1.50000  6.8878929E-04
   1.55000  6.8992866E-04
   1.60000  6.9852167E-04
   1.65000  7.1671764E-04
   1.70000  7.4808867E-04
   1.75000  7.9870768E-04
   1.80000  8.7939857E-04
   1.85000  1.0108733E-03
   1.90000  1.2369342E-03
   1.95000  1.6645199E-03
   2.00000  2.6202045E-03
   2.05000  5.6046995E-03
   2.10000  3.1471971E-02
   2.15000  1.0395217E-01
   2.20000  1.7703911E-01
   2.25000  9.9414230E-03
   2.30000  3.5215298E-03
   2.35000  1.9661482E-03
   2.40000  1.3514429E-03
   2.45000  1.0436989E-03
   2.50000  8.6847992E-04
   2.55000  4.1547462E-06
   2.60000  2.0756120E-05
   2.65000  3.7894590E-05
   2.70000  5.4589297E-05
   2.75000  7.1278572E-05
   2.80000  8.8827406E-05
   2.85000  1.0772753E-04
   2.90000  1.2921666E-04
   2.95000  1.5559321E-04
   3.00000  1.9248481E-04
   3.05000  2.6057580E-04
   3.10000  5.2179849E-04
   3.15000  1.2948240E-01
   3.20000  1.0397332E-03
   3.25000  8.3594951E-04
   3.30000  1.3703600E-03
   3.35000  3.0022357E-03
   3.40000  5.3748505E-03
   3.45000  2.8856932E-03
   3.50000  1.2971929E-03
   3.55000  7.3809236E-03
   3.60000  2.2499266E-02
   3.65000  4.1967417E-02
   3.70000  2.7195636E-03
   3.75000  2.2728787E-02
   3.80000  8.4691990E-03
   3.85000  1.6659226E-02
   3.90000  1.3073309E-01
   3.95000  1.5877723E-02
   4.00000  8.2924616E-03
   4.05000  1.2302367E-02
   4.10000  1.0540326E-01
   4.15000  6.4031728E-02
   4.20000  2.3127695E-02
   4.25000  8.2896385E-02
   4.30000  3.0107452E-02
   4.35000  4.7171406E-02
   4.40000  2.4520062E-02
   4.45000  2.7816555E-02
   4.50000  1.5289341E-02
   4.55000  1.9186654E-02
   4.60000  9.8241765E-03
   4.65000  6.9065432E-03
   4.70000  1.1397009E-02
   4.75000  3.7496026E-02
   4.80000  3.3051545E-01
   4.85000  3.8288311E-02
   4.90000  1.1398475E-02
   4.95000  6.7434804E-03
   5.00000  5.8657753E-03
   5.05000  6.2599884E-03
   5.10000  7.6322616E-03
   5.15000  1.0333538E-02
   5.20000  1.5309417E-02
   5.25000  2.4400211E-02
   5.30000  3.9526550E-02
   5.35000  5.5334208E-02
   5.40000  5.5868995E-02
   5.45000  4.4752255E-02
   5.50000  3.5531158E-02
   5.55000  3.1361718E-02
   5.60000  3.1912474E-02
   5.65000  3.7528100E-02
   5.70000  4.9322828E-02
   5.75000  6.3386721E-02
   5.80000  6.0842904E-02
   5.85000  4.4238788E-02
   5.90000  2.9715664E-02
   5.95000  2.0638415E-02
   6.00000  1.5388009E-02
   6.05000  1.2475298E-02
   6.10000  1.1134118E-02
   6.15000  1.0882441E-02
   6.20000  1.0443208E-02
   6.25000  8.9681401E-03
   6.30000  8.0139580E-03
   6.35000  7.0494341E-03
   6.40000  6.7073410E-03
   6.45000  7.5208167E-03
   6.50000  9.8882041E-03
   6.55000  1.4502744E-02
   6.60000  1.9065594E-02
   6.65000  1.6164630E-02
   6.70000  1.1124712E-02
   6.75000  1.0692874E-02
   6.80000  9.0605615E-03
   6.85000  7.3979786E-03
   6.90000  6.7093939E-03
   6.95000  5.2885009E-03
   7.00000  4.1044292E-03
   7.05000  3.1532029E-03
   7.10000  2.5115366E-03
   7.15000  2.0987953E-03
   7.20000  1.8196351E-03
   7.25000  1.6195877E-03
   7.30000  1.4693199E-03
   7.35000  1.3522718E-03
   7.40000  1.2585208E-03
   7.45000  1.1817927E-03
   7.50000  1.1179362E-03
   7.55000  1.0480139E-03
   7.60000  1.0032887E-03
   7.65000  9.6492848E-04
   7.70000  9.3187228E-04
   7.75000  9.0330939E-04
   7.80000  8.7861570E-04
   7.85000  8.5729981E-04
   7.90000  8.3897062E-04
   7.95000  8.2331756E-04
   8.00000  8.1008970E-04
   8.05000  7.9908799E-04
   8.10000  7.9015055E-04
   8.15000  7.8314822E-04
   8.20000  7.7797942E-04
   8.25000  7.7456586E-04
   8.30000  7.7284657E-04
   8.35000  7.7277731E-04
   8.40000  7.7432761E-04
   8.45000  7.7748199E-04
   8.50000  7.8223307E-04
   8.55000  7.8858505E-04
   8.60000  7.9655082E-04
   8.65000  8.0615269E-04
   8.70000  8.1742065E-04
   8.75000  8.3039054E-04
   8.80000  8.4510542E-04
   8.85000  8.6161565E-04
   8.90000  8.7997691E-04
   8.95000  9.0025165E-04
   9.00000  9.2250965E-04
   9.05000  9.4682446E-04
   9.10000  9.7327430E-04
   9.15000  1.0019447E-03
   9.20000  1.0329269E-03
   9.25000  1.0663181E-03
   9.30000  1.1022216E-03
   9.35000  1.1407483E-03
   9.40000  1.1820148E-03
   9.45000  1.2261463E-03
   9.50000  1.2731029E-03
   9.55000  1.3227753E-03
   9.60000  1.3756864E-03
   9.65000  1.4319958E-03
   9.70000  1.4918758E-03
   9.75000  1.5555123E-03
   9.80000  1.6231065E-03
   9.85000  1.6948775E-03
   9.90000  1.7710639E-03
   9.95000  1.8519264E-03
   10.0000  1.9377509E-03
   10.1000  2.1255725E-03
   10.2000  2.3374483E-03
   10.3000  2.5769287E-03
   10.4000  2.8483777E-03
   10.5000  3.1571705E-03
   10.6000  3.5099367E-03
   10.7000  3.9148316E-03
   10.8000  4.3818066E-03
   10.9000  4.9228153E-03
   11.0000  5.5517364E-03
   11.1000  6.2839301E-03
   11.2000  7.1349762E-03
   11.3000  8.1184690E-03
   11.4000  9.2429845E-03
   11.5000  1.0508986E-02
   11.6000  1.1906808E-02
   11.7000  1.3416337E-02
   11.8000  1.5007605E-02
   11.9000  1.6641506E-02
   12.0000  1.8266581E-02
   12.1000  1.9822196E-02
   12.2000  2.1219630E-02
   12.3000  2.2382150E-02
   12.4000  2.3347282E-02
   12.5000  2.4047787E-02
   12.6000  2.4498814E-02
   12.7000  2.4751477E-02
   12.8000  2.4870298E-02
   12.9000  2.4923139E-02
   13.0000  2.4971317E-02
   13.1000  2.5064557E-02
   13.2000  2.5239849E-02
   13.3000  2.5522757E-02
   13.4000  2.5929935E-02
   13.5000  2.6471983E-02
   13.6000  2.7155931E-02
   13.7000  2.7987844E-02
   13.8000  2.8974940E-02
   13.9000  3.0126264E-02
   14.0000  3.1453186E-02
   14.1000  3.2969309E-02
   14.2000  3.4689924E-02
   14.3000  3.6631175E-02
   14.4000  3.8809037E-02
   14.5000  4.1238258E-02
   14.6000  4.3931438E-02
   14.7000  4.6898482E-02
   14.8000  5.0146201E-02
   14.9000  5.3678608E-02
   15.0000  5.7497834E-02
   15.1000  6.1605068E-02
   15.2000  6.6001549E-02
   15.3000  7.0689096E-02
   15.4000  7.5669783E-02
   15.5000  8.0944269E-02
   15.6000  8.6508580E-02
   15.7000  9.2348453E-02
   15.8000  9.8431641E-02
   15.9000  1.0469742E-01
   16.0000  1.1104516E-01
   16.1000  1.1732397E-01
   16.2000  1.2333256E-01
   16.3000  1.2883364E-01
   16.4000  1.3359101E-01
   16.5000  1.3742107E-01
   16.6000  1.4023686E-01
   16.7000  1.4208749E-01
   16.8000  1.4314945E-01
   16.9000  1.4370002E-01
   17.0000  1.4406047E-01
   17.1000  1.4455724E-01
   17.2000  1.4548985E-01
   17.3000  1.4710681E-01
   17.4000  1.4959149E-01
   17.5000  1.5304489E-01
   17.6000  1.5746528E-01
   17.7000  1.6273026E-01
   17.8000  1.6860276E-01
   17.9000  1.7661054E-01
   18.0000  1.8243449E-01
   18.1000  1.8825849E-01
   18.2000  1.9424641E-01
   18.3000  2.0060530E-01
   18.4000  2.0749405E-01
   18.5000  2.1497791E-01
   18.6000  2.2300799E-01
   18.7000  2.3135088E-01
   18.8000  2.3972366E-01
   18.9000  2.4781276E-01
   19.0000  2.5532748E-01
   19.1000  2.6205485E-01
   19.2000  2.6789287E-01
   19.3000  2.7285277E-01
   19.4000  2.7704332E-01
   19.5000  2.8063866E-01
   19.6000  2.8384387E-01
   19.7000  2.8686796E-01
   19.8000  2.8989750E-01
   19.9000  2.9307979E-01
   20.0000  2.9651514E-01
   20.1000  3.0025044E-01
   20.2000  3.0428044E-01
   20.3000  3.0855409E-01
   20.4000  3.1298476E-01
   20.5000  3.1746202E-01
   20.6000  3.2187005E-01
   20.7000  3.2610806E-01
   20.8000  3.3009566E-01
   20.9000  3.3378763E-01
   21.0000  3.3717000E-01
   21.1000  3.4025181E-01
   21.2000  3.4305634E-01
   21.3000  3.4561509E-01
   21.4000  3.4796720E-01
   21.5000  3.5016290E-01
   21.6000  3.5226723E-01
   21.7000  3.5436084E-01
   21.8000  3.5653952E-01
   21.9000  3.5889913E-01
   22.0000  3.6153328E-01
   22.1000  3.6452519E-01
   22.2000  3.6794068E-01
   22.3000  3.7182720E-01
   22.4000  3.7621323E-01
   22.5000  3.8110922E-01
   22.6000  3.8650933E-01
   22.7000  3.9239259E-01
   22.8000  3.9872397E-01
   22.9000  4.0545532E-01
   23.0000  4.1252724E-01
   23.1000  4.1987161E-01
   23.2000  4.2740733E-01
   23.3000  4.3505024E-01
   23.4000  4.4271347E-01
   23.5000  4.5031032E-01
   23.6000  4.5775703E-01
   23.7000  4.6497570E-01
   23.8000  4.7189614E-01
   23.9000  4.7845800E-01
   24.0000  4.8461076E-01
   24.1000  4.9031323E-01
   24.2000  4.9553468E-01
   24.3000  5.0025411E-01
   24.4000  5.0445260E-01
   24.5000  5.0812680E-01
   24.6000  5.1127435E-01
   24.7000  5.1389978E-01
   24.8000  5.1601055E-01
   24.9000  5.1761582E-01
   25.0000  5.1872428E-01
   25.1000  5.1934598E-01
   25.2000  5.1948979E-01
   25.3000  5.1916358E-01
   25.4000  5.1837416E-01
   25.5000  5.1712738E-01
   25.6000  5.1542958E-01
   25.7000  5.1328807E-01
   25.8000  5.1071303E-01
   25.9000  5.0772040E-01
   26.0000  5.0432690E-01
   26.1000  5.0055590E-01
   26.2000  4.9643107E-01
   26.3000  4.9198349E-01
   26.4000  4.8724752E-01
   26.5000  4.8225798E-01
   26.6000  4.7704878E-01
   26.7000  4.7164801E-01
   26.8000  4.6607158E-01
   26.9000  4.6031038E-01
   27.0000  4.5432188E-01
   27.1000  4.4801961E-01
   27.2000  4.4126705E-01
   27.3000  4.3388350E-01
   27.4000  4.2565805E-01
   27.5000  4.1638752E-01
   27.6000  4.0592720E-01
   27.7000  3.9423602E-01
   27.8000  3.8140738E-01
   27.9000  3.6766953E-01
   28.0000  3.5335246E-01
   28.1000  3.3882523E-01
   28.2000  3.2444416E-01
   28.3000  3.1050884E-01
   28.4000  2.9723878E-01
   28.5000  2.8477279E-01
   28.6000  2.7317993E-01
   28.7000  2.6247780E-01
   28.8000  2.5265176E-01
   28.9000  2.4366976E-01
   29.0000  2.3549223E-01
   29.1000  2.2807986E-01
   29.2000  2.2139177E-01
   29.3000  2.1538155E-01
   29.4000  2.0999465E-01
   29.5000  2.0516879E-01
   29.6000  2.0084003E-01
   29.7000  1.9694928E-01
   29.8000  1.9344665E-01
   29.9000  1.9029359E-01
   30.0000  1.8746063E-01
   30.1000  1.8492709E-01
   30.2000  1.8267824E-01
   30.3000  1.8070340E-01
   30.4000  1.7899415E-01
   30.5000  1.7754317E-01
   30.6000  1.7634335E-01
   30.7000  1.7538735E-01
   30.8000  1.7465797E-01
   30.9000  1.7416544E-01
   31.0000  1.7389110E-01
   31.1000  1.7382605E-01
   31.2000  1.7396131E-01
   31.3000  1.7428553E-01
   31.4000  1.7478830E-01
   31.5000  1.7545950E-01
   31.6000  1.7633558E-01
   31.7000  1.7746800E-01
   31.8000  1.7859562E-01
   31.9000  1.7996611E-01
   32.0000  1.8140206E-01
   32.1000  1.8292831E-01
   32.2000  1.8457360E-01
   32.3000  1.8635627E-01
   32.4000  1.8823189E-01
   32.5000  1.9024208E-01
   32.6000  1.9236882E-01
   32.7000  1.9457758E-01
   32.8000  1.9689628E-01
   32.9000  1.9932429E-01
   33.0000  2.0186070E-01
   33.1000  2.0490286E-01
   33.2000  2.0766458E-01
   33.3000  2.1052594E-01
   33.4000  2.1348162E-01
   33.5000  2.1652476E-01
   33.6000  2.1964692E-01
   33.7000  2.2283784E-01
   33.8000  2.2608534E-01
   33.9000  2.2937538E-01
   34.0000  2.3269267E-01
   34.1000  2.3601960E-01
   34.2000  2.3933967E-01
   34.3000  2.4263254E-01
   34.4000  2.4587794E-01
   34.5000  2.4905564E-01
   34.6000  2.5214562E-01
   34.7000  2.5512868E-01
   34.8000  2.5798654E-01
   34.9000  2.6070281E-01
   35.0000  2.6326300E-01
   35.1000  2.6565463E-01
   35.2000  2.6786811E-01
   35.3000  2.6989648E-01
   35.4000  2.7173538E-01
   35.5000  2.7338406E-01
   35.6000  2.7484330E-01
   35.7000  2.7611580E-01
   35.8000  2.7720582E-01
   35.9000  2.7811789E-01
   36.0000  2.7885870E-01
   36.1000  2.7943500E-01
   36.2000  2.7985237E-01
   36.3000  2.8012046E-01
   36.4000  2.8024506E-01
   36.5000  2.8022822E-01
   36.6000  2.8007706E-01
   36.7000  2.7979521E-01
   36.8000  2.7938505E-01
   36.9000  2.7885014E-01
   37.0000  2.7819443E-01
   37.1000  2.7741845E-01
   37.2000  2.7652356E-01
   37.3000  2.7551054E-01
   37.4000  2.7438057E-01
   37.5000  2.7313680E-01
   37.6000  2.7177897E-01
   37.7000  2.7030885E-01
   37.8000  2.6873121E-01
   37.9000  2.6705523E-01
   38.0000  2.6529636E-01
   38.1000  2.6347398E-01
   38.2000  2.6161637E-01
   38.3000  2.5975358E-01
   38.4000  2.5791979E-01
   38.5000  2.5615058E-01
   38.6000  2.5447787E-01
   38.7000  2.5292929E-01
   38.8000  2.5151527E-01
   38.9000  2.5024859E-01
   39.0000  2.4913339E-01
   39.1000  2.4816844E-01
   39.2000  2.4734185E-01
   39.3000  2.4663728E-01
   39.4000  2.4603541E-01
   39.5000  2.4551415E-01
   39.6000  2.4504994E-01
   39.7000  2.4461924E-01
   39.8000  2.4419893E-01
   39.9000  2.4376648E-01
   40.0000  2.4330003E-01
   40.1000  2.4277814E-01
   40.2000  2.4218251E-01
   40.3000  2.4149022E-01
   40.4000  2.4067758E-01
   40.5000  2.3972028E-01
   40.6000  2.3859201E-01
   40.7000  2.3726481E-01
   40.8000  2.3571027E-01
   40.9000  2.3390166E-01
   41.0000  2.3181707E-01
   41.1000  2.2944511E-01
   41.2000  2.2678907E-01
   41.3000  2.2386915E-01
   41.4000  2.2072378E-01
   41.5000  2.1740773E-01
   41.6000  2.1398141E-01
   41.7000  2.1050217E-01
   41.8000  2.0702212E-01
   41.9000  2.0358166E-01
   42.0000  2.0020656E-01
   42.1000  1.9690933E-01
   42.2000  1.9369038E-01
   42.3000  1.9054165E-01
   42.4000  1.8744912E-01
   42.5000  1.8439588E-01
   42.6000  1.8136431E-01
   42.7000  1.7833910E-01
   42.8000  1.7530417E-01
   42.9000  1.7224787E-01
   43.0000  1.6916232E-01
   43.1000  1.6604718E-01
   43.2000  1.6289880E-01
   43.3000  1.5972028E-01
   43.4000  1.5651788E-01
   43.5000  1.5330040E-01
   43.6000  1.5007730E-01
   43.7000  1.4685902E-01
   43.8000  1.4365635E-01
   43.9000  1.4048081E-01
   44.0000  1.3734478E-01
   44.1000  1.3426172E-01
   44.2000  1.3124659E-01
   44.3000  1.2831558E-01
   44.4000  1.2548588E-01
   44.5000  1.2277464E-01
   44.6000  1.2019803E-01
   44.7000  1.1776950E-01
   44.8000  1.1549945E-01
   44.9000  1.1339683E-01
   45.0000  1.1146211E-01
   45.1000  1.0969448E-01
   45.2000  1.0809045E-01
   45.3000  1.0664432E-01
   45.4000  1.0534963E-01
   45.5000  1.0419910E-01
   45.6000  1.0318572E-01
   45.7000  1.0230343E-01
   45.8000  1.0154719E-01
   45.9000  1.0091294E-01
   46.0000  1.0039771E-01
   46.1000  9.9999146E-02
   46.2000  9.9715309E-02
   46.3000  9.9544091E-02
   46.4000  9.9482905E-02
   46.5000  9.9528490E-02
   46.6000  9.9676471E-02
   46.7000  9.9921158E-02
   46.8000  1.0025545E-01
   46.9000  1.0067078E-01
   47.0000  1.0115688E-01
   47.1000  1.0170230E-01
   47.2000  1.0229472E-01
   47.3000  1.0289638E-01
   47.4000  1.0350220E-01
   47.5000  1.0411972E-01
   47.6000  1.0473876E-01
   47.7000  1.0535047E-01
   47.8000  1.0594761E-01
   47.9000  1.0652503E-01
   48.0000  1.0707834E-01
   48.1000  1.0760561E-01
   48.2000  1.0810626E-01
   48.3000  1.0858052E-01
   48.4000  1.0902938E-01
   48.5000  1.0945523E-01
   48.6000  1.0985993E-01
   48.7000  1.1024443E-01
   48.8000  1.1060952E-01
   48.9000  1.1095518E-01
   49.0000  1.1128069E-01
   49.1000  1.1158533E-01
   49.2000  1.1186821E-01
   49.3000  1.1212838E-01
   49.4000  1.1236693E-01
   49.5000  1.1258633E-01
   49.6000  1.1279055E-01
   49.7000  1.1298466E-01
   49.8000  1.1317462E-01
   49.9000  1.1336698E-01
   50.0000  1.1356844E-01

 E_edge     =  4966.00 eV

   run_7_4

 Cluster radius = 5.00 A, nb. of atom =  45
 Fermi energy calculation : cluster radius = 5.00 A, nb. of atom =  45
 Potential sup calculation: cluster radius = 7.50 A, nb. of atom = 151

 Point group : m        (Cs   )

 ipr   Z  mult     ch_val    ch_core   ch_total     ch_out   Atom charge
   1  22    4       2.731     17.881     20.612      0.063      1.388
   2  22    4       2.702     17.879     20.581      0.160      1.419
   3  22    4       2.728     17.881     20.609      0.220      1.391
   4  22    4       2.705     17.879     20.584      0.001      1.416
   5   8    4       5.057      2.000      7.057      0.005      0.943
   6   8    4       5.025      2.000      7.025      0.004      0.975
   7   8    4       5.046      2.000      7.046      0.107      0.954
   8   8    4       5.090      2.000      7.090      0.004      0.910
   9   8    4       5.045      2.000      7.045      0.074      0.955
  10   8    4       5.047      2.000      7.047      0.004      0.953
  11   8    4       5.040      2.000      7.040      0.109      0.960
  12   8    4       5.087      2.000      7.087      0.088      0.913

 Cycle   1,  Fermi energy = -12.662 eV, Occupancy val abs =  0.765

 Cycle   1: Total energy =      -431212.1 eV,
             Delta ch (  4) = 1.553, Ch =  2.969, Ch_p =  1.416, Weight = 0.05000, Mod_p =  0

      ipr   Z   Energy_Tot      Charge     Ch-Ch_i  pop_orb_val(L)   L    Radius
        1  22     -22797.9       1.463       0.075       0.771       2   1.20272
        2  22     -22792.0       1.493       0.074       0.714       2   1.19908
        3  22     -22784.3       1.467       0.076       0.658       2   1.20229
        4  22     -22785.1       1.494       0.078       0.765       2   1.19946
        5   8      -2080.1       0.907      -0.037       4.090       1   0.88404
        6   8      -2074.7       0.939      -0.036       4.050       1   0.87893
        7   8      -2087.3       0.912      -0.042       4.066       1   0.88240
        8   8      -2081.0       0.874      -0.036       4.113       1   0.88946
        9   8      -2074.9       0.919      -0.036       3.991       1   0.88219
       10   8      -2078.9       0.916      -0.037       4.088       1   0.88254
       11   8      -2083.3       0.919      -0.040       4.031       1   0.88148
       12   8      -2083.4       0.874      -0.038       4.071       1   0.88899

 Cycle   2,  Fermi energy = -12.342 eV, Occupancy val abs =  0.910

 Cycle   2: Total energy =      -431793.6 eV, Delta energy =   1565.304 >   4.800 eV
             Delta ch (  4) = 1.222, Ch =  2.716, Ch_p =  1.494, Weight = 0.05000, Mod_p =  0
                                                            Next weight = 0.02500

      ipr   Z   Energy_Tot      Charge     Ch-Ch_i  pop_orb_val(L)   L    Radius
        1  22     -22861.2       1.493       0.105       0.907       2   1.20272
        2  22     -22854.5       1.522       0.103       0.847       2   1.19908
        3  22     -22854.3       1.497       0.106       0.807       2   1.20229
        4  22     -22856.9       1.524       0.108       0.910       2   1.19946
        5   8      -2056.3       0.894      -0.049       3.883       1   0.88404
        6   8      -2060.2       0.925      -0.050       3.929       1   0.87893
        7   8      -2061.2       0.898      -0.057       3.847       1   0.88240
        8   8      -2055.2       0.862      -0.048       3.889       1   0.88946
        9   8      -2075.7       0.902      -0.054       3.999       1   0.88219
       10   8      -2072.2       0.900      -0.053       4.035       1   0.88254
       11   8      -2064.8       0.904      -0.056       3.879       1   0.88148
       12   8      -2076.0       0.857      -0.056       4.017       1   0.88899

 Cycle   3,  Fermi energy = -12.156 eV, Occupancy val abs =  0.969

 Cycle   3: Total energy =      -431968.4 eV, Delta energy =    520.510 >   4.800 eV
             Delta ch (  4) = 1.121, Ch =  2.646, Ch_p =  1.524, Weight = 0.02500, Mod_p =  0

      ipr   Z   Energy_Tot      Charge     Ch-Ch_i  pop_orb_val(L)   L    Radius
        1  22     -22886.6       1.520       0.132       0.979       2   1.20272
        2  22     -22877.2       1.549       0.130       0.911       2   1.19908
        3  22     -22873.8       1.524       0.133       0.867       2   1.20229
        4  22     -22876.1       1.552       0.136       0.969       2   1.19946
        5   8      -2053.1       0.882      -0.061       3.857       1   0.88404
        6   8      -2055.2       0.912      -0.063       3.890       1   0.87893
        7   8      -2050.8       0.885      -0.069       3.759       1   0.88240
        8   8      -2052.6       0.851      -0.059       3.867       1   0.88946
        9   8      -2069.4       0.886      -0.070       3.948       1   0.88219
       10   8      -2067.6       0.885      -0.068       3.999       1   0.88254
       11   8      -2059.2       0.889      -0.070       3.835       1   0.88148
       12   8      -2070.5       0.841      -0.071       3.974       1   0.88899

 Cycle   4,  Fermi energy = -11.968 eV, Occupancy val abs =  1.021

 Cycle   4: Total energy =      -432105.6 eV, Delta energy =    422.507 >   4.800 eV
             Delta ch (  4) = 1.032, Ch =  2.584, Ch_p =  1.552, Weight = 0.02500, Mod_p =  0

      ipr   Z   Energy_Tot      Charge     Ch-Ch_i  pop_orb_val(L)   L    Radius
        1  22     -22903.4       1.545       0.157       1.035       2   1.20272
        2  22     -22896.1       1.573       0.154       0.968       2   1.19908
        3  22     -22891.4       1.549       0.158       0.923       2   1.20229
        4  22     -22892.9       1.578       0.162       1.021       2   1.19946
        5   8      -2050.8       0.871      -0.072       3.840       1   0.88404
        6   8      -2050.7       0.900      -0.075       3.854       1   0.87893
        7   8      -2044.3       0.875      -0.080       3.704       1   0.88240
        8   8      -2051.2       0.840      -0.069       3.858       1   0.88946
        9   8      -2063.4       0.871      -0.084       3.899       1   0.88219
       10   8      -2062.7       0.871      -0.082       3.962       1   0.88254
       11   8      -2053.9       0.876      -0.083       3.792       1   0.88148
       12   8      -2065.7       0.827      -0.086       3.938       1   0.88899

 Cycle   5,  Fermi energy = -11.787 eV, Occupancy val abs =  1.069

 Cycle   5: Total energy =      -432225.5 eV, Delta energy =    371.418 >   4.800 eV
             Delta ch (  4) = 0.956, Ch =  2.534, Ch_p =  1.578, Weight = 0.02500, Mod_p =  0

      ipr   Z   Energy_Tot      Charge     Ch-Ch_i  pop_orb_val(L)   L    Radius
        1  22     -22921.6       1.567       0.179       1.090       2   1.20272
        2  22     -22910.3       1.596       0.176       1.019       2   1.19908
        3  22     -22906.6       1.573       0.181       0.976       2   1.20229
        4  22     -22906.6       1.602       0.186       1.069       2   1.19946
        5   8      -2048.6       0.861      -0.083       3.824       1   0.88404
        6   8      -2046.5       0.890      -0.086       3.821       1   0.87893
        7   8      -2039.7       0.865      -0.089       3.666       1   0.88240
        8   8      -2050.2       0.830      -0.080       3.852       1   0.88946
        9   8      -2058.1       0.858      -0.097       3.856       1   0.88219
       10   8      -2057.8       0.858      -0.095       3.924       1   0.88254
       11   8      -2049.0       0.865      -0.095       3.753       1   0.88148
       12   8      -2061.4       0.814      -0.099       3.904       1   0.88899

 Cycle   6,  Fermi energy = -11.616 eV, Occupancy val abs =  1.116

 Cycle   6: Total energy =      -432333.2 eV, Delta energy =    334.553 >   4.800 eV
             Delta ch (  4) = 0.884, Ch =  2.486, Ch_p =  1.602, Weight = 0.02500, Mod_p =  0

      ipr   Z   Energy_Tot      Charge     Ch-Ch_i  pop_orb_val(L)   L    Radius
        1  22     -22935.4       1.588       0.200       1.139       2   1.20272
        2  22     -22924.4       1.616       0.197       1.070       2   1.19908
        3  22     -22920.6       1.594       0.202       1.029       2   1.20229
        4  22     -22920.0       1.624       0.208       1.116       2   1.19946
        5   8      -2046.2       0.851      -0.092       3.806       1   0.88404
        6   8      -2042.9       0.880      -0.095       3.793       1   0.87893
        7   8      -2036.6       0.857      -0.098       3.642       1   0.88240
        8   8      -2048.5       0.820      -0.089       3.841       1   0.88946
        9   8      -2053.8       0.846      -0.109       3.820       1   0.88219
       10   8      -2053.2       0.847      -0.106       3.888       1   0.88254
       11   8      -2044.3       0.854      -0.105       3.714       1   0.88148
       12   8      -2057.4       0.801      -0.112       3.874       1   0.88899

 Cycle   7,  Fermi energy = -11.455 eV, Occupancy val abs =  1.162

 Cycle   7: Total energy =      -432433.9 eV, Delta energy =    313.380 >   4.800 eV
             Delta ch (  4) = 0.818, Ch =  2.442, Ch_p =  1.624, Weight = 0.02500, Mod_p =  0

      ipr   Z   Energy_Tot      Charge     Ch-Ch_i  pop_orb_val(L)   L    Radius
        1  22     -22948.1       1.607       0.218       1.186       2   1.20272
        2  22     -22937.2       1.635       0.216       1.118       2   1.19908
        3  22     -22934.9       1.613       0.222       1.081       2   1.20229
        4  22     -22932.0       1.645       0.229       1.162       2   1.19946
        5   8      -2043.8       0.842      -0.102       3.788       1   0.88404
        6   8      -2039.4       0.871      -0.104       3.765       1   0.87893
        7   8      -2033.5       0.849      -0.106       3.617       1   0.88240
        8   8      -2046.8       0.811      -0.099       3.829       1   0.88946
        9   8      -2050.3       0.835      -0.120       3.793       1   0.88219
       10   8      -2048.9       0.836      -0.117       3.854       1   0.88254
       11   8      -2040.2       0.845      -0.115       3.681       1   0.88148
       12   8      -2053.4       0.790      -0.123       3.843       1   0.88899

 Cycle   8,  Fermi energy = -11.303 eV, Occupancy val abs =  1.206

 Cycle   8: Total energy =      -432531.6 eV, Delta energy =    302.936 >   4.800 eV
             Delta ch (  4) = 0.754, Ch =  2.399, Ch_p =  1.645, Weight = 0.02500, Mod_p =  0

      ipr   Z   Energy_Tot      Charge     Ch-Ch_i  pop_orb_val(L)   L    Radius
        1  22     -22960.5       1.624       0.235       1.232       2   1.20272
        2  22     -22949.6       1.652       0.233       1.166       2   1.19908
        3  22     -22948.6       1.631       0.239       1.133       2   1.20229
        4  22     -22943.6       1.663       0.247       1.206       2   1.19946
        5   8      -2041.3       0.833      -0.110       3.769       1   0.88404
        6   8      -2036.1       0.863      -0.113       3.739       1   0.87893
        7   8      -2030.7       0.842      -0.113       3.594       1   0.88240
        8   8      -2044.7       0.802      -0.107       3.814       1   0.88946
        9   8      -2047.1       0.825      -0.130       3.767       1   0.88219
       10   8      -2044.9       0.827      -0.126       3.822       1   0.88254
       11   8      -2036.3       0.837      -0.123       3.650       1   0.88148
       12   8      -2049.6       0.780      -0.133       3.813       1   0.88899

 Cycle   9,  Fermi energy = -11.163 eV, Occupancy val abs =  1.250

 Cycle   9: Total energy =      -432626.8 eV, Delta energy =    292.823 >   4.800 eV
             Delta ch (  4) = 0.693, Ch =  2.356, Ch_p =  1.663, Weight = 0.02500, Mod_p =  0

      ipr   Z   Energy_Tot      Charge     Ch-Ch_i  pop_orb_val(L)   L    Radius
        1  22     -22971.6       1.639       0.251       1.275       2   1.20272
        2  22     -22961.9       1.668       0.248       1.213       2   1.19908
        3  22     -22962.1       1.647       0.255       1.184       2   1.20229
        4  22     -22955.2       1.681       0.265       1.250       2   1.19946
        5   8      -2038.7       0.825      -0.118       3.749       1   0.88404
        6   8      -2033.0       0.855      -0.120       3.715       1   0.87893
        7   8      -2027.9       0.835      -0.119       3.572       1   0.88240
        8   8      -2042.4       0.794      -0.115       3.797       1   0.88946
        9   8      -2044.0       0.816      -0.139       3.743       1   0.88219
       10   8      -2041.1       0.818      -0.135       3.793       1   0.88254
       11   8      -2032.9       0.829      -0.131       3.621       1   0.88148
       12   8      -2045.8       0.770      -0.142       3.783       1   0.88899

 Cycle  10,  Fermi energy = -11.014 eV, Occupancy val abs =  1.206

 Cycle  10: Total energy =      -432591.8 eV, Delta energy =    355.281 >   4.800 eV
             Delta ch (  4) = 0.861, Ch =  2.541, Ch_p =  1.681, Weight = 0.02500, Mod_p =  0

      ipr   Z   Energy_Tot      Charge     Ch-Ch_i  pop_orb_val(L)   L    Radius
        1  22     -22982.9       1.653       0.265       1.317       2   1.20272
        2  22     -22974.2       1.682       0.262       1.260       2   1.19908
        3  22     -22975.6       1.661       0.270       1.235       2   1.20229
        4  22     -22909.2       1.702       0.286       1.206       2   1.19946
        5   8      -2038.9       0.817      -0.126       3.754       1   0.88404
        6   8      -2033.1       0.848      -0.127       3.720       1   0.87893
        7   8      -2029.2       0.828      -0.126       3.587       1   0.88240
        8   8      -2042.7       0.786      -0.124       3.804       1   0.88946
        9   8      -2043.6       0.807      -0.149       3.743       1   0.88219
       10   8      -2039.6       0.810      -0.143       3.783       1   0.88254
       11   8      -2033.9       0.821      -0.138       3.634       1   0.88148
       12   8      -2044.8       0.761      -0.151       3.779       1   0.88899

 Cycle  11,  Fermi energy = -10.865 eV, Occupancy val abs =  1.264

 Cycle  11: Total energy =      -432561.1 eV, Delta energy =    403.882 >   4.800 eV
             Delta ch (  4) = 0.776, Ch =  2.478, Ch_p =  1.702, Weight = 0.02500, Mod_p =  0

      ipr   Z   Energy_Tot      Charge     Ch-Ch_i  pop_orb_val(L)   L    Radius
        1  22     -22933.7       1.672       0.284       1.267       2   1.20272
        2  22     -22985.8       1.694       0.275       1.305       2   1.19908
        3  22     -22988.4       1.674       0.283       1.284       2   1.20229
        4  22     -22926.8       1.722       0.306       1.264       2   1.19946
        5   8      -2041.0       0.809      -0.134       3.777       1   0.88404
        6   8      -2035.2       0.840      -0.135       3.742       1   0.87893
        7   8      -2028.4       0.822      -0.133       3.583       1   0.88240
        8   8      -2043.2       0.778      -0.132       3.813       1   0.88946
        9   8      -2042.3       0.798      -0.157       3.735       1   0.88219
       10   8      -2039.3       0.802      -0.151       3.784       1   0.88254
       11   8      -2032.9       0.814      -0.146       3.630       1   0.88148
       12   8      -2043.3       0.753      -0.160       3.770       1   0.88899

 Cycle  12,  Fermi energy = -10.736 eV, Occupancy val abs =  1.320

 Cycle  12: Total energy =      -432670.1 eV, Delta energy =    326.979 >   4.800 eV
             Delta ch (  4) = 0.695, Ch =  2.416, Ch_p =  1.722, Weight = 0.02500, Mod_p =  0

      ipr   Z   Energy_Tot      Charge     Ch-Ch_i  pop_orb_val(L)   L    Radius
        1  22     -22950.2       1.689       0.301       1.322       2   1.20272
        2  22     -22995.2       1.706       0.286       1.344       2   1.19908
        3  22     -22999.4       1.685       0.294       1.327       2   1.20229
        4  22     -22943.7       1.739       0.323       1.320       2   1.19946
        5   8      -2039.2       0.801      -0.142       3.764       1   0.88404
        6   8      -2031.1       0.833      -0.142       3.710       1   0.87893
        7   8      -2020.6       0.817      -0.137       3.516       1   0.88240
        8   8      -2043.0       0.770      -0.140       3.814       1   0.88946
        9   8      -2038.0       0.791      -0.165       3.700       1   0.88219
       10   8      -2035.7       0.795      -0.158       3.756       1   0.88254
       11   8      -2033.7       0.806      -0.153       3.640       1   0.88148
       12   8      -2037.7       0.745      -0.167       3.723       1   0.88899

 Cycle  13,  Fermi energy = -10.606 eV, Occupancy val abs =  1.373

 Cycle  13: Total energy =      -432667.1 eV, Delta energy =    363.564 >   4.800 eV
             Delta ch (  4) = 0.617, Ch =  2.356, Ch_p =  1.739, Weight = 0.02500, Mod_p =  0

      ipr   Z   Energy_Tot      Charge     Ch-Ch_i  pop_orb_val(L)   L    Radius
        1  22     -22966.7       1.704       0.316       1.376       2   1.20272
        2  22     -22955.5       1.721       0.301       1.304       2   1.19908
        3  22     -23010.1       1.695       0.304       1.368       2   1.20229
        4  22     -22960.0       1.754       0.338       1.373       2   1.19946
        5   8      -2038.1       0.794      -0.149       3.758       1   0.88404
        6   8      -2030.4       0.827      -0.148       3.707       1   0.87893
        7   8      -2022.1       0.812      -0.142       3.532       1   0.88240
        8   8      -2042.9       0.762      -0.148       3.817       1   0.88946
        9   8      -2036.2       0.783      -0.172       3.687       1   0.88219
       10   8      -2033.6       0.789      -0.164       3.741       1   0.88254
       11   8      -2033.8       0.799      -0.161       3.644       1   0.88148
       12   8      -2037.4       0.738      -0.174       3.725       1   0.88899

 Cycle  14,  Fermi energy = -10.488 eV, Occupancy val abs =  1.429

 Cycle  14: Total energy =      -432732.9 eV, Delta energy =    394.852 >   4.800 eV
             Delta ch (  4) = 0.527, Ch =  2.282, Ch_p =  1.754, Weight = 0.02500, Mod_p =  0

      ipr   Z   Energy_Tot      Charge     Ch-Ch_i  pop_orb_val(L)   L    Radius
        1  22     -22980.8       1.717       0.329       1.423       2   1.20272
        2  22     -22974.1       1.734       0.314       1.361       2   1.19908
        3  22     -22990.4       1.707       0.316       1.350       2   1.20229
        4  22     -22979.7       1.768       0.352       1.429       2   1.19946
        5   8      -2034.2       0.787      -0.156       3.726       1   0.88404
        6   8      -2028.9       0.821      -0.155       3.696       1   0.87893
        7   8      -2025.7       0.806      -0.148       3.567       1   0.88240
        8   8      -2039.6       0.755      -0.155       3.791       1   0.88946
        9   8      -2033.0       0.777      -0.179       3.661       1   0.88219
       10   8      -2030.1       0.783      -0.170       3.712       1   0.88254
       11   8      -2028.0       0.793      -0.167       3.595       1   0.88148
       12   8      -2038.9       0.731      -0.182       3.741       1   0.88899

 Cycle  15,  Fermi energy = -10.379 eV, Occupancy val abs =  1.474

 Cycle  15: Total energy =      -432869.8 eV, Delta energy =    387.365 >   4.800 eV
             Delta ch (  4) = 0.457, Ch =  2.225, Ch_p =  1.768, Weight = 0.02500, Mod_p =  0

      ipr   Z   Energy_Tot      Charge     Ch-Ch_i  pop_orb_val(L)   L    Radius
        1  22     -22995.3       1.728       0.340       1.469       2   1.20272
        2  22     -22989.7       1.745       0.325       1.410       2   1.19908
        3  22     -23011.0       1.717       0.326       1.415       2   1.20229
        4  22     -22994.5       1.779       0.363       1.474       2   1.19946
        5   8      -2030.2       0.782      -0.161       3.694       1   0.88404
        6   8      -2024.5       0.816      -0.160       3.660       1   0.87893
        7   8      -2019.9       0.802      -0.153       3.517       1   0.88240
        8   8      -2035.4       0.749      -0.161       3.757       1   0.88946
        9   8      -2032.0       0.771      -0.185       3.655       1   0.88219
       10   8      -2027.6       0.778      -0.175       3.693       1   0.88254
       11   8      -2022.9       0.788      -0.172       3.551       1   0.88148
       12   8      -2034.4       0.725      -0.188       3.703       1   0.88899

 Cycle  16,  Fermi energy = -10.289 eV, Occupancy val abs =  1.516

 Cycle  16: Total energy =      -432995.5 eV, Delta energy =    355.794 >   4.800 eV
             Delta ch (  4) = 0.392, Ch =  2.171, Ch_p =  1.779, Weight = 0.02500, Mod_p =  0

      ipr   Z   Energy_Tot      Charge     Ch-Ch_i  pop_orb_val(L)   L    Radius
        1  22     -23009.7       1.738       0.350       1.512       2   1.20272
        2  22     -23009.1       1.754       0.334       1.463       2   1.19908
        3  22     -23023.5       1.725       0.334       1.459       2   1.20229
        4  22     -23008.4       1.789       0.373       1.516       2   1.19946
        5   8      -2026.5       0.777      -0.166       3.663       1   0.88404
        6   8      -2020.6       0.811      -0.164       3.627       1   0.87893
        7   8      -2015.8       0.798      -0.156       3.482       1   0.88240
        8   8      -2031.9       0.743      -0.166       3.729       1   0.88946
        9   8      -2028.7       0.766      -0.190       3.627       1   0.88219
       10   8      -2024.5       0.774      -0.179       3.668       1   0.88254
       11   8      -2019.5       0.784      -0.176       3.522       1   0.88148
       12   8      -2030.5       0.719      -0.193       3.671       1   0.88899

 Cycle  17,  Fermi energy = -10.207 eV, Occupancy val abs =  1.554

 Cycle  17: Total energy =      -433085.0 eV, Delta energy =    264.448 >   4.800 eV
             Delta ch (  4) = 0.333, Ch =  2.122, Ch_p =  1.789, Weight = 0.02500, Mod_p =  0

      ipr   Z   Energy_Tot      Charge     Ch-Ch_i  pop_orb_val(L)   L    Radius
        1  22     -23022.6       1.746       0.358       1.550       2   1.20272
        2  22     -23017.6       1.762       0.342       1.496       2   1.19908
        3  22     -23034.0       1.732       0.341       1.496       2   1.20229
        4  22     -23020.8       1.797       0.381       1.554       2   1.19946
        5   8      -2023.7       0.773      -0.170       3.640       1   0.88404
        6   8      -2017.8       0.808      -0.167       3.604       1   0.87893
        7   8      -2012.9       0.795      -0.159       3.458       1   0.88240
        8   8      -2029.3       0.739      -0.171       3.708       1   0.88946
        9   8      -2025.8       0.761      -0.194       3.603       1   0.88219
       10   8      -2022.0       0.770      -0.183       3.647       1   0.88254
       11   8      -2017.6       0.780      -0.180       3.507       1   0.88148
       12   8      -2027.3       0.715      -0.198       3.644       1   0.88899

 Cycle  18,  Fermi energy = -10.136 eV, Occupancy val abs =  1.589

 Cycle  18: Total energy =      -433163.4 eV, Delta energy =    235.914 >   4.800 eV
             Delta ch (  4) = 0.282, Ch =  2.079, Ch_p =  1.797, Weight = 0.02500, Mod_p =  0

      ipr   Z   Energy_Tot      Charge     Ch-Ch_i  pop_orb_val(L)   L    Radius
        1  22     -23032.9       1.753       0.365       1.582       2   1.20272
        2  22     -23029.3       1.768       0.349       1.533       2   1.19908
        3  22     -23040.5       1.738       0.347       1.523       2   1.20229
        4  22     -23031.5       1.804       0.388       1.589       2   1.19946
        5   8      -2021.0       0.770      -0.173       3.618       1   0.88404
        6   8      -2015.4       0.805      -0.170       3.584       1   0.87893
        7   8      -2011.3       0.793      -0.161       3.445       1   0.88240
        8   8      -2026.6       0.735      -0.175       3.686       1   0.88946
        9   8      -2022.9       0.757      -0.198       3.580       1   0.88219
       10   8      -2019.6       0.767      -0.186       3.628       1   0.88254
       11   8      -2015.0       0.777      -0.183       3.485       1   0.88148
       12   8      -2024.9       0.711      -0.202       3.625       1   0.88899

 Cycle  19,  Fermi energy = -10.071 eV, Occupancy val abs =  1.610

 Cycle  19: Total energy =      -433218.2 eV, Delta energy =    176.020 >   4.800 eV
             Delta ch (  4) = 0.254, Ch =  2.058, Ch_p =  1.804, Weight = 0.02500, Mod_p =  0

      ipr   Z   Energy_Tot      Charge     Ch-Ch_i  pop_orb_val(L)   L    Radius
        1  22     -23038.2       1.759       0.371       1.604       2   1.20272
        2  22     -23039.7       1.774       0.354       1.566       2   1.19908
        3  22     -23048.7       1.743       0.352       1.551       2   1.20229
        4  22     -23036.5       1.811       0.395       1.610       2   1.19946
        5   8      -2019.0       0.767      -0.176       3.602       1   0.88404
        6   8      -2013.5       0.802      -0.173       3.570       1   0.87893
        7   8      -2009.6       0.791      -0.163       3.432       1   0.88240
        8   8      -2024.5       0.731      -0.178       3.670       1   0.88946
        9   8      -2020.8       0.754      -0.202       3.563       1   0.88219
       10   8      -2017.8       0.764      -0.189       3.614       1   0.88254
       11   8      -2013.6       0.774      -0.185       3.474       1   0.88148
       12   8      -2022.7       0.707      -0.205       3.607       1   0.88899

 Cycle  20,  Fermi energy = -10.011 eV, Occupancy val abs =  1.639

 Cycle  20: Total energy =      -433266.6 eV, Delta energy =    158.555 >   4.800 eV
             Delta ch (  1) = 0.212, Ch =  1.972, Ch_p =  1.759, Weight = 0.02500, Mod_p =  0

      ipr   Z   Energy_Tot      Charge     Ch-Ch_i  pop_orb_val(L)   L    Radius
        1  22     -23046.1       1.765       0.377       1.629       2   1.20272
        2  22     -23044.3       1.778       0.359       1.585       2   1.19908
        3  22     -23053.3       1.748       0.356       1.570       2   1.20229
        4  22     -23045.3       1.816       0.400       1.639       2   1.19946
        5   8      -2017.4       0.764      -0.179       3.590       1   0.88404
        6   8      -2011.9       0.800      -0.175       3.557       1   0.87893
        7   8      -2007.7       0.789      -0.165       3.416       1   0.88240
        8   8      -2022.8       0.728      -0.181       3.656       1   0.88946
        9   8      -2018.8       0.751      -0.205       3.547       1   0.88219
       10   8      -2016.2       0.762      -0.191       3.602       1   0.88254
       11   8      -2012.4       0.772      -0.188       3.465       1   0.88148
       12   8      -2020.4       0.704      -0.208       3.589       1   0.88899

 Cycle  21,  Fermi energy =  -9.958 eV, Occupancy val abs =  1.653

 Cycle  21: Total energy =      -433304.6 eV, Delta energy =    131.047 >   4.800 eV
             Delta ch (  1) = 0.192, Ch =  1.957, Ch_p =  1.765, Weight = 0.02500, Mod_p =  0

      ipr   Z   Energy_Tot      Charge     Ch-Ch_i  pop_orb_val(L)   L    Radius
        1  22     -23049.6       1.770       0.381       1.644       2   1.20272
        2  22     -23052.5       1.782       0.363       1.610       2   1.19908
        3  22     -23059.5       1.751       0.360       1.590       2   1.20229
        4  22     -23048.5       1.821       0.405       1.653       2   1.19946
        5   8      -2015.7       0.762      -0.181       3.577       1   0.88404
        6   8      -2010.6       0.798      -0.177       3.547       1   0.87893
        7   8      -2007.0       0.788      -0.167       3.411       1   0.88240
        8   8      -2021.0       0.726      -0.184       3.642       1   0.88946
        9   8      -2017.1       0.748      -0.207       3.534       1   0.88219
       10   8      -2014.8       0.760      -0.193       3.591       1   0.88254
       11   8      -2010.8       0.770      -0.190       3.453       1   0.88148
       12   8      -2019.0       0.702      -0.211       3.578       1   0.88899

 Cycle  22,  Fermi energy =  -9.910 eV, Occupancy val abs =  1.675

 Cycle  22: Total energy =      -433336.6 eV, Delta energy =    114.961 >   4.800 eV
             Delta ch (  1) = 0.161, Ch =  1.931, Ch_p =  1.770, Weight = 0.02500, Mod_p =  0

      ipr   Z   Energy_Tot      Charge     Ch-Ch_i  pop_orb_val(L)   L    Radius
        1  22     -23055.6       1.774       0.385       1.664       2   1.20272
        2  22     -23055.2       1.786       0.366       1.622       2   1.19908
        3  22     -23062.5       1.755       0.363       1.603       2   1.20229
        4  22     -23055.2       1.825       0.409       1.675       2   1.19946
        5   8      -2014.6       0.760      -0.183       3.568       1   0.88404
        6   8      -2009.4       0.797      -0.178       3.538       1   0.87893
        7   8      -2005.4       0.787      -0.168       3.399       1   0.88240
        8   8      -2019.7       0.723      -0.186       3.633       1   0.88946
        9   8      -2015.6       0.746      -0.209       3.522       1   0.88219
       10   8      -2013.6       0.758      -0.195       3.582       1   0.88254
       11   8      -2010.1       0.768      -0.192       3.448       1   0.88148
       12   8      -2017.3       0.700      -0.213       3.564       1   0.88899

 Cycle  23,  Fermi energy =  -9.864 eV, Occupancy val abs =  1.684

 Cycle  23: Total energy =      -433352.4 eV, Delta energy =     70.785 >   4.800 eV
             Delta ch (  1) = 0.147, Ch =  1.921, Ch_p =  1.774, Weight = 0.02500, Mod_p =  0

      ipr   Z   Energy_Tot      Charge     Ch-Ch_i  pop_orb_val(L)   L    Radius
        1  22     -23057.9       1.777       0.389       1.674       2   1.20272
        2  22     -23057.4       1.789       0.369       1.632       2   1.19908
        3  22     -23066.9       1.757       0.366       1.617       2   1.20229
        4  22     -23057.2       1.828       0.412       1.684       2   1.19946
        5   8      -2013.5       0.759      -0.184       3.560       1   0.88404
        6   8      -2008.6       0.795      -0.180       3.533       1   0.87893
        7   8      -2005.3       0.786      -0.169       3.399       1   0.88240
        8   8      -2018.5       0.721      -0.188       3.624       1   0.88946
        9   8      -2014.6       0.744      -0.211       3.515       1   0.88219
       10   8      -2012.7       0.757      -0.196       3.575       1   0.88254
       11   8      -2009.1       0.766      -0.193       3.441       1   0.88148
       12   8      -2016.5       0.698      -0.215       3.559       1   0.88899

 Cycle  24,  Fermi energy =  -9.822 eV, Occupancy val abs =  1.692

 Cycle  24: Total energy =      -433368.5 eV, Delta energy =     71.564 >   4.800 eV
             Delta ch (  1) = 0.135, Ch =  1.912, Ch_p =  1.777, Weight = 0.02500, Mod_p =  0

      ipr   Z   Energy_Tot      Charge     Ch-Ch_i  pop_orb_val(L)   L    Radius
        1  22     -23059.8       1.781       0.392       1.683       2   1.20272
        2  22     -23063.1       1.791       0.372       1.649       2   1.19908
        3  22     -23068.6       1.760       0.368       1.625       2   1.20229
        4  22     -23058.8       1.832       0.415       1.692       2   1.19946
        5   8      -2012.6       0.757      -0.186       3.554       1   0.88404
        6   8      -2007.9       0.794      -0.181       3.528       1   0.87893
        7   8      -2004.6       0.785      -0.170       3.394       1   0.88240
        8   8      -2017.5       0.720      -0.190       3.617       1   0.88946
        9   8      -2013.6       0.743      -0.213       3.507       1   0.88219
       10   8      -2011.8       0.755      -0.197       3.569       1   0.88254
       11   8      -2008.4       0.765      -0.195       3.436       1   0.88148
       12   8      -2015.5       0.696      -0.217       3.551       1   0.88899

 Cycle  25,  Fermi energy =  -9.783 eV, Occupancy val abs =  1.700

 Cycle  25: Total energy =      -433379.3 eV, Delta energy =     56.787 >   4.800 eV
             Delta ch (  4) = 0.123, Ch =  1.954, Ch_p =  1.832, Weight = 0.02500, Mod_p =  0

      ipr   Z   Energy_Tot      Charge     Ch-Ch_i  pop_orb_val(L)   L    Radius
        1  22     -23064.3       1.783       0.395       1.698       2   1.20272
        2  22     -23064.1       1.793       0.374       1.655       2   1.19908
        3  22     -23070.0       1.762       0.371       1.632       2   1.20229
        4  22     -23060.2       1.835       0.419       1.700       2   1.19946
        5   8      -2012.0       0.756      -0.187       3.550       1   0.88404
        6   8      -2007.2       0.793      -0.182       3.523       1   0.87893
        7   8      -2003.6       0.784      -0.170       3.387       1   0.88240
        8   8      -2016.8       0.718      -0.192       3.612       1   0.88946
        9   8      -2012.8       0.741      -0.214       3.502       1   0.88219
       10   8      -2011.2       0.754      -0.199       3.565       1   0.88254
       11   8      -2008.0       0.764      -0.196       3.434       1   0.88148
       12   8      -2014.4       0.695      -0.218       3.543       1   0.88899

 Cycle  26,  Fermi energy =  -9.745 eV, Occupancy val abs =  1.706

 Cycle  26: Total energy =      -433380.4 eV, Delta energy =     30.781 >   4.800 eV
             Delta ch (  4) = 0.114, Ch =  1.948, Ch_p =  1.835, Weight = 0.02500, Mod_p =  0

      ipr   Z   Energy_Tot      Charge     Ch-Ch_i  pop_orb_val(L)   L    Radius
        1  22     -23065.3       1.786       0.398       1.703       2   1.20272
        2  22     -23064.8       1.795       0.376       1.660       2   1.19908
        3  22     -23071.1       1.764       0.373       1.638       2   1.20229
        4  22     -23061.4       1.837       0.421       1.706       2   1.19946
        5   8      -2011.5       0.755      -0.188       3.547       1   0.88404
        6   8      -2007.0       0.792      -0.183       3.522       1   0.87893
        7   8      -2003.7       0.783      -0.171       3.389       1   0.88240
        8   8      -2016.1       0.716      -0.193       3.607       1   0.88946
        9   8      -2012.2       0.740      -0.216       3.498       1   0.88219
       10   8      -2010.7       0.753      -0.200       3.562       1   0.88254
       11   8      -2007.3       0.762      -0.197       3.429       1   0.88148
       12   8      -2014.1       0.693      -0.219       3.541       1   0.88899

 Cycle  27,  Fermi energy =  -9.710 eV, Occupancy val abs =  1.719

 Cycle  27: Total energy =      -433386.8 eV, Delta energy =     44.189 >   4.800 eV
             Delta ch (  1) = 0.096, Ch =  1.882, Ch_p =  1.786, Weight = 0.02500, Mod_p =  0

      ipr   Z   Energy_Tot      Charge     Ch-Ch_i  pop_orb_val(L)   L    Radius
        1  22     -23066.1       1.788       0.400       1.708       2   1.20272
        2  22     -23065.4       1.797       0.378       1.664       2   1.19908
        3  22     -23072.0       1.766       0.375       1.643       2   1.20229
        4  22     -23065.5       1.840       0.424       1.719       2   1.19946
        5   8      -2010.9       0.754      -0.189       3.544       1   0.88404
        6   8      -2006.5       0.791      -0.184       3.519       1   0.87893
        7   8      -2003.1       0.783      -0.172       3.385       1   0.88240
        8   8      -2015.4       0.715      -0.195       3.603       1   0.88946
        9   8      -2011.6       0.739      -0.217       3.494       1   0.88219
       10   8      -2010.2       0.752      -0.201       3.559       1   0.88254
       11   8      -2006.7       0.761      -0.198       3.425       1   0.88148
       12   8      -2013.4       0.692      -0.221       3.537       1   0.88899

 Cycle  28,  Fermi energy =  -9.677 eV, Occupancy val abs =  1.722

 Cycle  28: Total energy =      -433387.5 eV, Delta energy =     27.860 >   4.800 eV
             Delta ch (  1) = 0.090, Ch =  1.878, Ch_p =  1.788, Weight = 0.02500, Mod_p =  0

      ipr   Z   Energy_Tot      Charge     Ch-Ch_i  pop_orb_val(L)   L    Radius
        1  22     -23066.7       1.791       0.402       1.711       2   1.20272
        2  22     -23065.8       1.799       0.379       1.667       2   1.19908
        3  22     -23074.1       1.768       0.376       1.650       2   1.20229
        4  22     -23065.9       1.842       0.426       1.722       2   1.19946
        5   8      -2010.4       0.753      -0.190       3.540       1   0.88404
        6   8      -2006.0       0.790      -0.185       3.516       1   0.87893
        7   8      -2002.9       0.782      -0.172       3.384       1   0.88240
        8   8      -2014.9       0.714      -0.196       3.599       1   0.88946
        9   8      -2011.2       0.738      -0.218       3.492       1   0.88219
       10   8      -2009.7       0.751      -0.201       3.556       1   0.88254
       11   8      -2006.4       0.760      -0.199       3.424       1   0.88148
       12   8      -2013.0       0.691      -0.222       3.534       1   0.88899

 Cycle  29,  Fermi energy =  -9.646 eV, Occupancy val abs =  1.725

 Cycle  29: Total energy =      -433383.8 eV, Delta energy =     15.492 >   4.800 eV
             Delta ch (  1) = 0.084, Ch =  1.874, Ch_p =  1.791, Weight = 0.02500, Mod_p =  0

      ipr   Z   Energy_Tot      Charge     Ch-Ch_i  pop_orb_val(L)   L    Radius
        1  22     -23067.1       1.793       0.405       1.715       2   1.20272
        2  22     -23066.2       1.800       0.381       1.670       2   1.19908
        3  22     -23074.5       1.769       0.378       1.652       2   1.20229
        4  22     -23066.2       1.844       0.428       1.725       2   1.19946
        5   8      -2010.0       0.752      -0.191       3.538       1   0.88404
        6   8      -2005.7       0.790      -0.186       3.515       1   0.87893
        7   8      -2002.8       0.781      -0.173       3.385       1   0.88240
        8   8      -2014.5       0.713      -0.197       3.597       1   0.88946
        9   8      -2010.7       0.737      -0.219       3.488       1   0.88219
       10   8      -2009.3       0.751      -0.202       3.554       1   0.88254
       11   8      -2006.3       0.759      -0.200       3.424       1   0.88148
       12   8      -2012.7       0.690      -0.223       3.533       1   0.88899

 Cycle  30,  Fermi energy =  -9.615 eV, Occupancy val abs =  1.727

 Cycle  30: Total energy =      -433379.4 eV, Delta energy =     12.877 >   4.800 eV
             Delta ch (  1) = 0.079, Ch =  1.871, Ch_p =  1.793, Weight = 0.02500, Mod_p =  0

      ipr   Z   Energy_Tot      Charge     Ch-Ch_i  pop_orb_val(L)   L    Radius
        1  22     -23067.5       1.795       0.406       1.718       2   1.20272
        2  22     -23066.4       1.802       0.382       1.672       2   1.19908
        3  22     -23074.7       1.770       0.379       1.655       2   1.20229
        4  22     -23066.5       1.846       0.430       1.727       2   1.19946
        5   8      -2009.7       0.751      -0.192       3.537       1   0.88404
        6   8      -2005.5       0.789      -0.186       3.515       1   0.87893
        7   8      -2002.6       0.781      -0.174       3.384       1   0.88240
        8   8      -2014.1       0.712      -0.198       3.596       1   0.88946
        9   8      -2010.3       0.736      -0.220       3.487       1   0.88219
       10   8      -2009.0       0.750      -0.203       3.553       1   0.88254
       11   8      -2006.0       0.759      -0.201       3.423       1   0.88148
       12   8      -2012.4       0.689      -0.224       3.532       1   0.88899

 Cycle  31,  Fermi energy =  -9.586 eV, Occupancy val abs =  1.729

 Cycle  31: Total energy =      -433374.3 eV, Delta energy =     10.556 >   4.800 eV
             Delta ch (  1) = 0.074, Ch =  1.869, Ch_p =  1.795, Weight = 0.02500, Mod_p =  0

      ipr   Z   Energy_Tot      Charge     Ch-Ch_i  pop_orb_val(L)   L    Radius
        1  22     -23067.8       1.797       0.408       1.720       2   1.20272
        2  22     -23066.6       1.803       0.384       1.674       2   1.19908
        3  22     -23074.8       1.772       0.380       1.657       2   1.20229
        4  22     -23066.6       1.848       0.432       1.729       2   1.19946
        5   8      -2009.5       0.751      -0.193       3.536       1   0.88404
        6   8      -2005.3       0.788      -0.187       3.514       1   0.87893
        7   8      -2002.4       0.780      -0.174       3.384       1   0.88240
        8   8      -2013.8       0.711      -0.199       3.594       1   0.88946
        9   8      -2010.0       0.735      -0.221       3.485       1   0.88219
       10   8      -2008.8       0.749      -0.204       3.552       1   0.88254
       11   8      -2005.8       0.758      -0.202       3.422       1   0.88148
       12   8      -2012.2       0.688      -0.225       3.531       1   0.88899

 Cycle  32,  Fermi energy =  -9.559 eV, Occupancy val abs =  1.731

 Cycle  32: Total energy =      -433375.0 eV, Delta energy =     27.035 >   4.800 eV
             Delta ch (  1) = 0.070, Ch =  1.867, Ch_p =  1.797, Weight = 0.02500, Mod_p =  0

      ipr   Z   Energy_Tot      Charge     Ch-Ch_i  pop_orb_val(L)   L    Radius
        1  22     -23067.9       1.798       0.410       1.722       2   1.20272
        2  22     -23069.9       1.804       0.385       1.682       2   1.19908
        3  22     -23074.8       1.773       0.381       1.658       2   1.20229
        4  22     -23066.5       1.849       0.433       1.731       2   1.19946
        5   8      -2009.1       0.750      -0.193       3.534       1   0.88404
        6   8      -2004.9       0.788      -0.188       3.512       1   0.87893
        7   8      -2002.0       0.780      -0.175       3.381       1   0.88240
        8   8      -2013.4       0.710      -0.200       3.592       1   0.88946
        9   8      -2009.6       0.734      -0.221       3.483       1   0.88219
       10   8      -2008.5       0.749      -0.204       3.550       1   0.88254
       11   8      -2005.3       0.757      -0.203       3.419       1   0.88148
       12   8      -2011.8       0.687      -0.226       3.528       1   0.88899

 Cycle  33,  Fermi energy =  -9.532 eV, Occupancy val abs =  1.732

 Cycle  33: Total energy =      -433368.4 eV, Delta energy =      9.309 >   4.800 eV
             Delta ch (  1) = 0.067, Ch =  1.865, Ch_p =  1.798, Weight = 0.02500, Mod_p =  0

      ipr   Z   Energy_Tot      Charge     Ch-Ch_i  pop_orb_val(L)   L    Radius
        1  22     -23068.1       1.800       0.412       1.724       2   1.20272
        2  22     -23069.5       1.805       0.386       1.682       2   1.19908
        3  22     -23074.8       1.774       0.382       1.659       2   1.20229
        4  22     -23066.5       1.851       0.435       1.732       2   1.19946
        5   8      -2009.0       0.749      -0.194       3.535       1   0.88404
        6   8      -2004.7       0.787      -0.188       3.511       1   0.87893
        7   8      -2001.5       0.779      -0.175       3.378       1   0.88240
        8   8      -2013.3       0.709      -0.201       3.592       1   0.88946
        9   8      -2009.5       0.733      -0.222       3.482       1   0.88219
       10   8      -2008.3       0.748      -0.205       3.550       1   0.88254
       11   8      -2005.4       0.756      -0.204       3.421       1   0.88148
       12   8      -2011.3       0.686      -0.226       3.526       1   0.88899

 Cycle  34,  Fermi energy =  -9.507 eV, Occupancy val abs =  1.734

 Cycle  34: Total energy =      -433361.4 eV, Delta energy =      7.197 >   4.800 eV
             Delta ch (  1) = 0.063, Ch =  1.863, Ch_p =  1.800, Weight = 0.02500, Mod_p =  0

      ipr   Z   Energy_Tot      Charge     Ch-Ch_i  pop_orb_val(L)   L    Radius
        1  22     -23068.1       1.802       0.413       1.725       2   1.20272
        2  22     -23069.2       1.806       0.387       1.682       2   1.19908
        3  22     -23074.7       1.775       0.384       1.660       2   1.20229
        4  22     -23066.5       1.853       0.437       1.734       2   1.19946
        5   8      -2008.9       0.749      -0.195       3.534       1   0.88404
        6   8      -2004.6       0.786      -0.189       3.511       1   0.87893
        7   8      -2001.5       0.779      -0.175       3.379       1   0.88240
        8   8      -2013.1       0.708      -0.202       3.591       1   0.88946
        9   8      -2009.3       0.733      -0.223       3.482       1   0.88219
       10   8      -2008.2       0.747      -0.205       3.550       1   0.88254
       11   8      -2005.2       0.755      -0.204       3.421       1   0.88148
       12   8      -2011.2       0.686      -0.227       3.525       1   0.88899

 Cycle  35,  Fermi energy =  -9.484 eV, Occupancy val abs =  1.735

 Cycle  35: Total energy =      -433360.2 eV, Delta energy =     24.435 >   4.800 eV
             Delta ch (  4) = 0.060, Ch =  1.913, Ch_p =  1.853, Weight = 0.02500, Mod_p =  0

      ipr   Z   Energy_Tot      Charge     Ch-Ch_i  pop_orb_val(L)   L    Radius
        1  22     -23071.0       1.803       0.415       1.733       2   1.20272
        2  22     -23068.7       1.807       0.388       1.682       2   1.19908
        3  22     -23074.6       1.776       0.385       1.661       2   1.20229
        4  22     -23066.3       1.854       0.438       1.735       2   1.19946
        5   8      -2008.6       0.748      -0.195       3.533       1   0.88404
        6   8      -2004.3       0.786      -0.189       3.510       1   0.87893
        7   8      -2001.2       0.779      -0.176       3.377       1   0.88240
        8   8      -2012.8       0.707      -0.202       3.589       1   0.88946
        9   8      -2009.0       0.732      -0.224       3.480       1   0.88219
       10   8      -2007.9       0.747      -0.206       3.549       1   0.88254
       11   8      -2004.8       0.755      -0.205       3.418       1   0.88148
       12   8      -2010.9       0.685      -0.228       3.524       1   0.88899

 Cycle  36,  Fermi energy =  -9.461 eV, Occupancy val abs =  1.735

 Cycle  36: Total energy =      -433351.9 eV, Delta energy =      9.803 >   4.800 eV
             Delta ch (  4) = 0.058, Ch =  1.912, Ch_p =  1.854, Weight = 0.02500, Mod_p =  0

      ipr   Z   Energy_Tot      Charge     Ch-Ch_i  pop_orb_val(L)   L    Radius
        1  22     -23070.5       1.804       0.416       1.733       2   1.20272
        2  22     -23068.3       1.808       0.389       1.682       2   1.19908
        3  22     -23074.5       1.777       0.386       1.662       2   1.20229
        4  22     -23066.2       1.856       0.439       1.735       2   1.19946
        5   8      -2008.4       0.748      -0.196       3.532       1   0.88404
        6   8      -2004.3       0.785      -0.190       3.511       1   0.87893
        7   8      -2001.3       0.778      -0.176       3.380       1   0.88240
        8   8      -2012.5       0.707      -0.203       3.588       1   0.88946
        9   8      -2008.9       0.731      -0.224       3.480       1   0.88219
       10   8      -2007.8       0.746      -0.206       3.549       1   0.88254
       11   8      -2004.4       0.754      -0.206       3.416       1   0.88148
       12   8      -2010.9       0.684      -0.228       3.525       1   0.88899

 Cycle  37,  Fermi energy =  -9.436 eV, Occupancy val abs =  1.736

 Cycle  37: Total energy =      -433328.7 eV, Delta energy =     41.796 >   4.800 eV
             Delta ch (  1) = 0.060, Ch =  1.863, Ch_p =  1.804, Weight = 0.02500, Mod_p =  0

      ipr   Z   Energy_Tot      Charge     Ch-Ch_i  pop_orb_val(L)   L    Radius
        1  22     -23067.0       1.805       0.417       1.725       2   1.20272
        2  22     -23064.3       1.809       0.390       1.675       2   1.19908
        3  22     -23074.2       1.778       0.386       1.662       2   1.20229
        4  22     -23065.9       1.857       0.441       1.736       2   1.19946
        5   8      -2008.6       0.747      -0.196       3.535       1   0.88404
        6   8      -2004.6       0.785      -0.190       3.514       1   0.87893
        7   8      -2001.8       0.778      -0.176       3.385       1   0.88240
        8   8      -2012.7       0.706      -0.204       3.590       1   0.88946
        9   8      -2009.1       0.731      -0.225       3.483       1   0.88219
       10   8      -2008.0       0.746      -0.207       3.552       1   0.88254
       11   8      -2005.0       0.753      -0.206       3.422       1   0.88148
       12   8      -2011.2       0.684      -0.229       3.528       1   0.88899

 Cycle  38,  Fermi energy =  -9.413 eV, Occupancy val abs =  1.737

 Cycle  38: Total energy =      -433323.8 eV, Delta energy =      7.712 >   4.800 eV
             Delta ch (  1) = 0.056, Ch =  1.862, Ch_p =  1.805, Weight = 0.02500, Mod_p =  0

      ipr   Z   Energy_Tot      Charge     Ch-Ch_i  pop_orb_val(L)   L    Radius
        1  22     -23067.1       1.807       0.419       1.727       2   1.20272
        2  22     -23064.6       1.810       0.391       1.677       2   1.19908
        3  22     -23074.0       1.779       0.387       1.663       2   1.20229
        4  22     -23065.9       1.858       0.442       1.737       2   1.19946
        5   8      -2008.4       0.746      -0.197       3.534       1   0.88404
        6   8      -2004.4       0.784      -0.191       3.514       1   0.87893
        7   8      -2001.7       0.777      -0.177       3.386       1   0.88240
        8   8      -2012.5       0.705      -0.204       3.590       1   0.88946
        9   8      -2008.8       0.730      -0.225       3.482       1   0.88219
       10   8      -2007.8       0.745      -0.208       3.550       1   0.88254
       11   8      -2004.7       0.753      -0.207       3.420       1   0.88148
       12   8      -2011.1       0.683      -0.230       3.529       1   0.88899

 Cycle  39,  Fermi energy =  -9.391 eV, Occupancy val abs =  1.738

 Cycle  39: Total energy =      -433317.8 eV, Delta energy =      6.256 >   4.800 eV
             Delta ch (  1) = 0.054, Ch =  1.861, Ch_p =  1.807, Weight = 0.02500, Mod_p =  0

      ipr   Z   Energy_Tot      Charge     Ch-Ch_i  pop_orb_val(L)   L    Radius
        1  22     -23067.0       1.808       0.420       1.728       2   1.20272
        2  22     -23064.6       1.811       0.392       1.678       2   1.19908
        3  22     -23073.8       1.780       0.388       1.663       2   1.20229
        4  22     -23065.7       1.860       0.443       1.738       2   1.19946
        5   8      -2008.2       0.746      -0.197       3.534       1   0.88404
        6   8      -2004.2       0.784      -0.191       3.513       1   0.87893
        7   8      -2001.6       0.777      -0.177       3.385       1   0.88240
        8   8      -2012.4       0.705      -0.205       3.589       1   0.88946
        9   8      -2008.7       0.729      -0.226       3.481       1   0.88219
       10   8      -2007.6       0.745      -0.208       3.550       1   0.88254
       11   8      -2004.6       0.752      -0.208       3.421       1   0.88148
       12   8      -2011.0       0.682      -0.231       3.529       1   0.88899

 Cycle  40,  Fermi energy =  -9.370 eV, Occupancy val abs =  1.738

 Cycle  40: Total energy =      -433311.6 eV, Delta energy =      6.161 >   4.800 eV
             Delta ch (  1) = 0.052, Ch =  1.860, Ch_p =  1.808, Weight = 0.02500, Mod_p =  0

      ipr   Z   Energy_Tot      Charge     Ch-Ch_i  pop_orb_val(L)   L    Radius
        1  22     -23066.9       1.809       0.421       1.729       2   1.20272
        2  22     -23064.6       1.812       0.393       1.679       2   1.19908
        3  22     -23073.6       1.780       0.389       1.663       2   1.20229
        4  22     -23065.5       1.861       0.445       1.738       2   1.19946
        5   8      -2008.1       0.745      -0.198       3.534       1   0.88404
        6   8      -2004.1       0.783      -0.192       3.513       1   0.87893
        7   8      -2001.4       0.777      -0.178       3.385       1   0.88240
        8   8      -2012.2       0.704      -0.206       3.589       1   0.88946
        9   8      -2008.5       0.729      -0.227       3.481       1   0.88219
       10   8      -2007.5       0.744      -0.208       3.550       1   0.88254
       11   8      -2004.5       0.751      -0.208       3.421       1   0.88148
       12   8      -2010.9       0.681      -0.231       3.529       1   0.88899

 Cycle  41,  Fermi energy =  -9.349 eV, Occupancy val abs =  1.739

 Cycle  41: Total energy =      -433305.5 eV, Delta energy =      6.159 >   4.800 eV
             Delta ch (  1) = 0.050, Ch =  1.859, Ch_p =  1.809, Weight = 0.02500, Mod_p =  0

      ipr   Z   Energy_Tot      Charge     Ch-Ch_i  pop_orb_val(L)   L    Radius
        1  22     -23066.8       1.811       0.422       1.729       2   1.20272
        2  22     -23064.5       1.813       0.394       1.680       2   1.19908
        3  22     -23073.4       1.781       0.390       1.664       2   1.20229
        4  22     -23065.3       1.862       0.446       1.739       2   1.19946
        5   8      -2008.0       0.745      -0.198       3.534       1   0.88404
        6   8      -2003.9       0.783      -0.192       3.513       1   0.87893
        7   8      -2001.3       0.776      -0.178       3.384       1   0.88240
        8   8      -2012.1       0.703      -0.206       3.589       1   0.88946
        9   8      -2008.4       0.728      -0.227       3.481       1   0.88219
       10   8      -2007.4       0.744      -0.209       3.550       1   0.88254
       11   8      -2004.4       0.751      -0.209       3.420       1   0.88148
       12   8      -2010.8       0.681      -0.232       3.528       1   0.88899

 Cycle  42,  Fermi energy =  -9.329 eV, Occupancy val abs =  1.739

 Cycle  42: Total energy =      -433299.2 eV, Delta energy =      6.238 >   4.800 eV
             Delta ch (  1) = 0.048, Ch =  1.858, Ch_p =  1.811, Weight = 0.02500, Mod_p =  0

      ipr   Z   Energy_Tot      Charge     Ch-Ch_i  pop_orb_val(L)   L    Radius
        1  22     -23066.7       1.812       0.424       1.730       2   1.20272
        2  22     -23064.4       1.814       0.395       1.681       2   1.19908
        3  22     -23073.2       1.782       0.391       1.664       2   1.20229
        4  22     -23065.1       1.863       0.447       1.739       2   1.19946
        5   8      -2007.9       0.744      -0.199       3.534       1   0.88404
        6   8      -2003.8       0.782      -0.193       3.513       1   0.87893
        7   8      -2001.2       0.776      -0.179       3.384       1   0.88240
        8   8      -2012.0       0.703      -0.207       3.589       1   0.88946
        9   8      -2008.3       0.728      -0.228       3.481       1   0.88219
       10   8      -2007.3       0.744      -0.209       3.549       1   0.88254
       11   8      -2004.3       0.750      -0.210       3.420       1   0.88148
       12   8      -2010.7       0.680      -0.233       3.528       1   0.88899

 Cycle  43,  Fermi energy =  -9.310 eV, Occupancy val abs =  1.739

 Cycle  43: Total energy =      -433293.1 eV, Delta energy =      6.163 >   4.800 eV
             Delta ch (  1) = 0.046, Ch =  1.858, Ch_p =  1.812, Weight = 0.02500, Mod_p =  0

      ipr   Z   Energy_Tot      Charge     Ch-Ch_i  pop_orb_val(L)   L    Radius
        1  22     -23066.5       1.813       0.425       1.730       2   1.20272
        2  22     -23064.3       1.815       0.396       1.681       2   1.19908
        3  22     -23072.9       1.783       0.391       1.664       2   1.20229
        4  22     -23064.9       1.864       0.448       1.739       2   1.19946
        5   8      -2007.8       0.744      -0.199       3.534       1   0.88404
        6   8      -2003.7       0.782      -0.193       3.513       1   0.87893
        7   8      -2001.1       0.775      -0.179       3.384       1   0.88240
        8   8      -2011.9       0.702      -0.208       3.589       1   0.88946
        9   8      -2008.2       0.727      -0.228       3.481       1   0.88219
       10   8      -2007.2       0.743      -0.210       3.549       1   0.88254
       11   8      -2004.2       0.750      -0.210       3.420       1   0.88148
       12   8      -2010.6       0.679      -0.233       3.528       1   0.88899

 Cycle  44,  Fermi energy =  -9.293 eV, Occupancy val abs =  1.739

 Cycle  44: Total energy =      -433294.0 eV, Delta energy =     25.928 >   4.800 eV
             Delta ch (  1) = 0.045, Ch =  1.858, Ch_p =  1.813, Weight = 0.02500, Mod_p =  0

      ipr   Z   Energy_Tot      Charge     Ch-Ch_i  pop_orb_val(L)   L    Radius
        1  22     -23066.3       1.814       0.426       1.730       2   1.20272
        2  22     -23067.7       1.816       0.397       1.689       2   1.19908
        3  22     -23072.6       1.784       0.392       1.664       2   1.20229
        4  22     -23064.6       1.865       0.449       1.739       2   1.19946
        5   8      -2007.5       0.743      -0.200       3.532       1   0.88404
        6   8      -2003.5       0.781      -0.194       3.511       1   0.87893
        7   8      -2000.7       0.775      -0.179       3.382       1   0.88240
        8   8      -2011.6       0.702      -0.208       3.587       1   0.88946
        9   8      -2008.0       0.727      -0.229       3.479       1   0.88219
       10   8      -2007.0       0.743      -0.210       3.548       1   0.88254
       11   8      -2003.8       0.749      -0.211       3.418       1   0.88148
       12   8      -2010.3       0.679      -0.234       3.526       1   0.88899

 Cycle  45,  Fermi energy =  -9.274 eV, Occupancy val abs =  1.740

 Cycle  45: Total energy =      -433280.2 eV, Delta energy =     23.613 >   4.800 eV
             Delta ch (  1) = 0.043, Ch =  1.857, Ch_p =  1.814, Weight = 0.02500, Mod_p =  0

      ipr   Z   Energy_Tot      Charge     Ch-Ch_i  pop_orb_val(L)   L    Radius
        1  22     -23066.2       1.815       0.427       1.731       2   1.20272
        2  22     -23063.6       1.817       0.397       1.681       2   1.19908
        3  22     -23072.5       1.784       0.393       1.664       2   1.20229
        4  22     -23064.4       1.866       0.450       1.740       2   1.19946
        5   8      -2007.7       0.743      -0.200       3.535       1   0.88404
        6   8      -2003.5       0.781      -0.194       3.513       1   0.87893
        7   8      -2000.6       0.775      -0.179       3.381       1   0.88240
        8   8      -2011.8       0.701      -0.209       3.590       1   0.88946
        9   8      -2008.1       0.726      -0.229       3.481       1   0.88219
       10   8      -2007.1       0.742      -0.211       3.550       1   0.88254
       11   8      -2004.3       0.748      -0.211       3.423       1   0.88148
       12   8      -2010.1       0.678      -0.234       3.526       1   0.88899

 Cycle  46,  Fermi energy =  -9.257 eV, Occupancy val abs =  1.740

 Cycle  46: Total energy =      -433274.0 eV, Delta energy =     10.676 >   4.800 eV
             Delta ch (  1) = 0.042, Ch =  1.857, Ch_p =  1.815, Weight = 0.02500, Mod_p =  0

      ipr   Z   Energy_Tot      Charge     Ch-Ch_i  pop_orb_val(L)   L    Radius
        1  22     -23065.9       1.816       0.428       1.731       2   1.20272
        2  22     -23063.5       1.818       0.398       1.681       2   1.19908
        3  22     -23072.2       1.785       0.393       1.664       2   1.20229
        4  22     -23064.1       1.867       0.451       1.740       2   1.19946
        5   8      -2007.5       0.743      -0.201       3.534       1   0.88404
        6   8      -2003.5       0.781      -0.195       3.513       1   0.87893
        7   8      -2000.9       0.774      -0.180       3.385       1   0.88240
        8   8      -2011.6       0.701      -0.209       3.589       1   0.88946
        9   8      -2008.0       0.726      -0.230       3.481       1   0.88219
       10   8      -2006.9       0.742      -0.211       3.550       1   0.88254
       11   8      -2003.9       0.748      -0.212       3.420       1   0.88148
       12   8      -2010.3       0.678      -0.235       3.528       1   0.88899

 Cycle  47,  Fermi energy =  -9.241 eV, Occupancy val abs =  1.740

 Cycle  47: Total energy =      -433275.4 eV, Delta energy =     25.821 >   4.800 eV
             Delta ch (  1) = 0.041, Ch =  1.857, Ch_p =  1.816, Weight = 0.02500, Mod_p =  0

      ipr   Z   Energy_Tot      Charge     Ch-Ch_i  pop_orb_val(L)   L    Radius
        1  22     -23065.7       1.817       0.429       1.731       2   1.20272
        2  22     -23066.9       1.818       0.399       1.689       2   1.19908
        3  22     -23071.9       1.786       0.394       1.664       2   1.20229
        4  22     -23063.8       1.868       0.452       1.740       2   1.19946
        5   8      -2007.3       0.742      -0.201       3.532       1   0.88404
        6   8      -2003.2       0.780      -0.195       3.511       1   0.87893
        7   8      -2000.5       0.774      -0.180       3.382       1   0.88240
        8   8      -2011.4       0.700      -0.210       3.587       1   0.88946
        9   8      -2007.8       0.726      -0.230       3.479       1   0.88219
       10   8      -2006.7       0.742      -0.211       3.549       1   0.88254
       11   8      -2003.5       0.748      -0.212       3.418       1   0.88148
       12   8      -2010.1       0.677      -0.235       3.526       1   0.88899

 Cycle  48,  Fermi energy =  -9.224 eV, Occupancy val abs =  1.740

 Cycle  48: Total energy =      -433261.8 eV, Delta energy =     24.012 >   4.800 eV
             Delta ch (  1) = 0.039, Ch =  1.856, Ch_p =  1.817, Weight = 0.02500, Mod_p =  0

      ipr   Z   Energy_Tot      Charge     Ch-Ch_i  pop_orb_val(L)   L    Radius
        1  22     -23065.6       1.818       0.430       1.732       2   1.20272
        2  22     -23062.8       1.819       0.400       1.680       2   1.19908
        3  22     -23071.8       1.786       0.395       1.664       2   1.20229
        4  22     -23063.7       1.869       0.453       1.740       2   1.19946
        5   8      -2007.5       0.742      -0.201       3.535       1   0.88404
        6   8      -2003.3       0.780      -0.195       3.513       1   0.87893
        7   8      -2000.4       0.774      -0.180       3.382       1   0.88240
        8   8      -2011.6       0.700      -0.210       3.590       1   0.88946
        9   8      -2007.9       0.725      -0.230       3.481       1   0.88219
       10   8      -2006.9       0.741      -0.212       3.550       1   0.88254
       11   8      -2004.1       0.747      -0.213       3.423       1   0.88148
       12   8      -2009.9       0.677      -0.236       3.526       1   0.88899

 Cycle  49,  Fermi energy =  -9.209 eV, Occupancy val abs =  1.740

 Cycle  49: Total energy =      -433256.0 eV, Delta energy =     10.460 >   4.800 eV
             Delta ch (  1) = 0.038, Ch =  1.856, Ch_p =  1.818, Weight = 0.02500, Mod_p =  0

      ipr   Z   Energy_Tot      Charge     Ch-Ch_i  pop_orb_val(L)   L    Radius
        1  22     -23065.3       1.819       0.431       1.731       2   1.20272
        2  22     -23062.7       1.820       0.400       1.681       2   1.19908
        3  22     -23071.5       1.787       0.395       1.664       2   1.20229
        4  22     -23063.4       1.870       0.454       1.740       2   1.19946
        5   8      -2007.3       0.741      -0.202       3.534       1   0.88404
        6   8      -2003.3       0.779      -0.196       3.513       1   0.87893
        7   8      -2000.7       0.774      -0.181       3.386       1   0.88240
        8   8      -2011.4       0.699      -0.211       3.589       1   0.88946
        9   8      -2007.8       0.725      -0.231       3.481       1   0.88219
       10   8      -2006.7       0.741      -0.212       3.550       1   0.88254
       11   8      -2003.6       0.747      -0.213       3.420       1   0.88148
       12   8      -2010.1       0.676      -0.236       3.528       1   0.88899

 Cycle  50,  Fermi energy =  -9.194 eV, Occupancy val abs =  1.740

 Cycle  50: Total energy =      -433257.9 eV, Delta energy =     25.733 >   4.800 eV
             Delta ch (  1) = 0.037, Ch =  1.856, Ch_p =  1.819, Weight = 0.02500, Mod_p =  0

      ipr   Z   Energy_Tot      Charge     Ch-Ch_i  pop_orb_val(L)   L    Radius
        1  22     -23065.1       1.820       0.432       1.731       2   1.20272
        2  22     -23066.2       1.820       0.401       1.688       2   1.19908
        3  22     -23071.2       1.787       0.396       1.664       2   1.20229
        4  22     -23063.1       1.871       0.455       1.740       2   1.19946
        5   8      -2007.1       0.741      -0.202       3.532       1   0.88404
        6   8      -2003.0       0.779      -0.196       3.512       1   0.87893
        7   8      -2000.3       0.773      -0.181       3.383       1   0.88240
        8   8      -2011.2       0.699      -0.211       3.587       1   0.88946
        9   8      -2007.6       0.724      -0.231       3.479       1   0.88219
       10   8      -2006.6       0.741      -0.212       3.549       1   0.88254
       11   8      -2003.3       0.746      -0.214       3.418       1   0.88148
       12   8      -2009.9       0.676      -0.237       3.526       1   0.88899

 Cycle  51,  Fermi energy =  -9.179 eV, Occupancy val abs =  1.740

 Cycle  51: Total energy =      -433244.7 eV, Delta energy =     24.231 >   4.800 eV
             Delta ch (  1) = 0.036, Ch =  1.856, Ch_p =  1.820, Weight = 0.02500, Mod_p =  0
                                                            Next weight = 0.01250

      ipr   Z   Energy_Tot      Charge     Ch-Ch_i  pop_orb_val(L)   L    Radius
        1  22     -23065.0       1.821       0.432       1.732       2   1.20272
        2  22     -23062.1       1.821       0.401       1.680       2   1.19908
        3  22     -23071.1       1.788       0.396       1.664       2   1.20229
        4  22     -23063.0       1.872       0.456       1.740       2   1.19946
        5   8      -2007.3       0.741      -0.202       3.535       1   0.88404
        6   8      -2003.1       0.779      -0.196       3.513       1   0.87893
        7   8      -2000.2       0.773      -0.181       3.382       1   0.88240
        8   8      -2011.4       0.698      -0.211       3.590       1   0.88946
        9   8      -2007.7       0.724      -0.231       3.482       1   0.88219
       10   8      -2006.7       0.740      -0.212       3.551       1   0.88254
       11   8      -2003.9       0.746      -0.214       3.424       1   0.88148
       12   8      -2009.8       0.676      -0.237       3.526       1   0.88899

 Cycle  52,  Fermi energy =  -9.172 eV, Occupancy val abs =  1.740

 Cycle  52: Total energy =      -433242.0 eV, Delta energy =      5.088 >   4.800 eV
             Delta ch (  1) = 0.035, Ch =  1.856, Ch_p =  1.821, Weight = 0.01250, Mod_p =  0

      ipr   Z   Energy_Tot      Charge     Ch-Ch_i  pop_orb_val(L)   L    Radius
        1  22     -23064.8       1.821       0.433       1.732       2   1.20272
        2  22     -23062.0       1.821       0.402       1.680       2   1.19908
        3  22     -23071.0       1.788       0.397       1.664       2   1.20229
        4  22     -23062.8       1.872       0.456       1.740       2   1.19946
        5   8      -2007.2       0.741      -0.203       3.535       1   0.88404
        6   8      -2003.1       0.779      -0.196       3.513       1   0.87893
        7   8      -2000.4       0.773      -0.181       3.384       1   0.88240
        8   8      -2011.3       0.698      -0.212       3.589       1   0.88946
        9   8      -2007.7       0.724      -0.232       3.481       1   0.88219
       10   8      -2006.6       0.740      -0.213       3.550       1   0.88254
       11   8      -2003.7       0.746      -0.214       3.422       1   0.88148
       12   8      -2009.9       0.675      -0.237       3.527       1   0.88899

 Cycle  53,  Fermi energy =  -9.165 eV, Occupancy val abs =  1.740

 Cycle  53: Total energy =      -433239.5 eV, Delta energy =      3.379 <   4.800 eV,  Weight = 0.01250. Converged !

      ipr   Z   Energy_Tot      Charge     Ch-Ch_i  pop_orb_val(L)   L    Radius
        1  22     -23064.7       1.821       0.433       1.732       2   1.20272
        2  22     -23062.0       1.821       0.402       1.681       2   1.19908
        3  22     -23070.9       1.788       0.397       1.664       2   1.20229
        4  22     -23062.7       1.873       0.456       1.740       2   1.19946
        5   8      -2007.2       0.740      -0.203       3.534       1   0.88404
        6   8      -2003.1       0.779      -0.197       3.514       1   0.87893
        7   8      -2000.5       0.773      -0.181       3.385       1   0.88240
        8   8      -2011.2       0.698      -0.212       3.589       1   0.88946
        9   8      -2007.6       0.724      -0.232       3.481       1   0.88219
       10   8      -2006.6       0.740      -0.213       3.550       1   0.88254
       11   8      -2003.6       0.745      -0.214       3.421       1   0.88148
       12   8      -2009.9       0.675      -0.237       3.528       1   0.88899

  ia   Z  it  igr ipr iap     posx      posy      posz   igrpt PtGrName Comp  Axe  Mag
   1  22   0   15   0   1   0.00000   0.00000   0.00000    3      m       F    T    F
   2   8   2   39  10   2  -1.77861  -0.63003   0.00000    3      m       F    F    F
   3   8   2   19   5   4   0.52943  -1.11044   1.48361    1      1       F    F    F
   4   8   2   22   6   5  -0.21217   1.34470   1.48361    1      1       F    F    F
   5   8   2   31   8   7   2.03316   0.28629   0.00000    3      m       F    F    F
   6  22   1   15   4   9   0.00000   0.00000   2.96722    1      1       F    T    F
   7  22   1    3   1  11   2.55222  -0.80427   1.48361    1      1       F    F    F
   8   8   2   46  12  12   1.42418   3.02856   0.00000    3      m       F    F    F
   9   8   2   39  10  14  -1.77861  -0.63003   2.96722    1      1       F    F    F
  10  22   1    6   2  15   0.21143   3.20330   1.48361    1      1       F    F    F
  11  22   1    9   3  17  -3.01456  -1.19921   1.48361    1      1       F    F    F
  12   8   2   43  11  19   2.88639  -2.11168   0.00000    3      m       F    F    F
  13   8   2   31   8  21   2.03316   0.28629   2.96722    1      1       F    F    F
  14   8   2   26   7  22  -1.01375   3.72993   0.00000    3      m       F    F    F
  15   8   2   17   5  23  -0.06475  -4.00934   0.00000    3      m       F    F    F
  16   8   2   41  11  24  -2.42172  -3.00810   1.48361    1      1       F    F    F
  17   8   2   47  12  26  -3.91322   0.61739   1.48361    1      1       F    F    F
  18   8   2   33   9  28  -4.20985  -1.41851   0.00000    3      m       F    F    F
  19   8   2   46  12  30   1.42418   3.02856   2.96722    1      1       F    F    F
  20   8   2   27   7  31   4.32365  -0.08398   1.48361    1      1       F    F    F
  21   8   2   19   5  34   0.52943  -1.11044   4.45083    1      1       F    F    F
  22   8   2   43  11  35   2.88639  -2.11168   2.96722    1      1       F    F    F
  23   8   2   22   6  37  -0.21217   1.34470   4.45083    1      1       F    F    F
  24  22   1    1   1  39  -2.08754  -4.31551   0.00000    3      m       F    F    F
  25   8   2   26   7  40  -1.01375   3.72993   2.96722    1      1       F    F    F
  26   8   2   30   8  43  -3.30423   3.35966   1.48361    1      1       F    F    F
  27   8   2   17   5  45  -0.06475  -4.00934   2.96722    1      1       F    F    F

     V0bdcF =   -14.437 eV,     Vhbdc =    -5.476 eV,     rsbdc =   2.117 a.u.

 ipr    Z     Atom-Charge  Atom-Radius Ionic-Charge Ionic-Radius     Vmft
   0   22*        1.743        1.212        3.470        0.860      -21.708
   1   22         1.774        1.212        3.539        0.860      -22.003
   2   22         1.754        1.212        3.547        0.860      -22.027
   3   22         1.735        1.212        3.548        0.860      -22.497
   4   22         1.811        1.212        3.542        0.860      -22.178
   5    8         0.787        0.874       -1.453        1.400      -21.708
   6    8         0.842        0.865       -1.399        1.400      -21.708
   7    8         0.885        0.859       -1.405        1.400      -21.708
   8    8         0.723        0.884       -1.494        1.400      -21.708
   9    8         0.724        0.882       -1.459        1.400      -21.708
  10    8         0.802        0.869       -1.436        1.400      -21.708
  11    8         0.822        0.865       -1.433        1.400      -21.708
  12    8         0.753        0.873       -1.523        1.400      -21.708
Epsii used =  4856.479 eV
 Number of Energies =  811
    Energy    <xanes>    
  -20.0000  3.4828742E-04
  -19.0000  3.7592361E-04
  -18.0000  5.1244151E-04
  -17.0000  1.9009222E-03
  -16.0000  6.5223290E-01
  -15.0000  1.4934064E-03
  -14.0000  4.5833189E-04
  -13.0000  2.9732478E-04
  -12.0000  2.4049364E-04
  -11.0000  2.1420223E-04
  -10.0000  2.0172416E-04
  -9.95000  2.0135423E-04
  -9.90000  2.0100585E-04
  -9.85000  2.0067888E-04
  -9.80000  2.0037318E-04
  -9.75000  2.0008855E-04
  -9.70000  1.9982486E-04
  -9.65000  1.9958201E-04
  -9.60000  1.9935989E-04
  -9.55000  1.9915843E-04
  -9.50000  1.9897757E-04
  -9.45000  1.9881728E-04
  -9.40000  1.9867751E-04
  -9.35000  1.9855819E-04
  -9.30000  1.9845941E-04
  -9.25000  1.9838123E-04
  -9.20000  1.9832372E-04
  -9.15000  1.9828695E-04
  -9.10000  1.9827101E-04
  -9.05000  1.9827602E-04
  -9.00000  1.9830212E-04
  -8.95000  1.9834947E-04
  -8.90000  1.9841819E-04
  -8.85000  1.9850837E-04
  -8.80000  1.9862039E-04
  -8.75000  1.9875447E-04
  -8.70000  1.9891087E-04
  -8.65000  1.9908986E-04
  -8.60000  1.9929176E-04
  -8.55000  1.9951687E-04
  -8.50000  1.9976557E-04
  -8.45000  2.0003814E-04
  -8.40000  2.0033498E-04
  -8.35000  2.0065649E-04
  -8.30000  2.0100322E-04
  -8.25000  2.0137565E-04
  -8.20000  2.0177428E-04
  -8.15000  2.0219964E-04
  -8.10000  2.0265231E-04
  -8.05000  2.0313290E-04
  -8.00000  2.0364193E-04
  -7.95000  2.0418013E-04
  -7.90000  2.0474813E-04
  -7.85000  2.0534682E-04
  -7.80000  2.0597698E-04
  -7.75000  2.0663945E-04
  -7.70000  2.0733507E-04
  -7.65000  2.0806477E-04
  -7.60000  2.0882956E-04
  -7.55000  2.0963032E-04
  -7.50000  2.1046808E-04
  -7.45000  2.1134411E-04
  -7.40000  2.1225966E-04
  -7.35000  2.1321600E-04
  -7.30000  2.1421445E-04
  -7.25000  2.1525636E-04
  -7.20000  2.1634328E-04
  -7.15000  2.1747677E-04
  -7.10000  2.1865829E-04
  -7.05000  2.1988968E-04
  -7.00000  2.2117287E-04
  -6.95000  2.2250980E-04
  -6.90000  2.2390249E-04
  -6.85000  2.2535308E-04
  -6.80000  2.2686395E-04
  -6.75000  2.2843753E-04
  -6.70000  2.3007634E-04
  -6.65000  2.3178296E-04
  -6.60000  2.3356046E-04
  -6.55000  2.3541196E-04
  -6.50000  2.3734063E-04
  -6.45000  2.3935003E-04
  -6.40000  2.4144377E-04
  -6.35000  2.4362582E-04
  -6.30000  2.4590038E-04
  -6.25000  2.4827192E-04
  -6.20000  2.5074486E-04
  -6.15000  2.5332448E-04
  -6.10000  2.5601626E-04
  -6.05000  2.5882600E-04
  -6.00000  2.6175989E-04
  -5.95000  2.6482463E-04
  -5.90000  2.6802740E-04
  -5.85000  2.7137565E-04
  -5.80000  2.7487756E-04
  -5.75000  2.7854177E-04
  -5.70000  2.8237833E-04
  -5.65000  2.8639750E-04
  -5.60000  2.9061044E-04
  -5.55000  2.9502892E-04
  -5.50000  2.9966633E-04
  -5.45000  3.0453700E-04
  -5.40000  3.0965640E-04
  -5.35000  3.1504092E-04
  -5.30000  3.2070848E-04
  -5.25000  3.2667993E-04
  -5.20000  3.3297729E-04
  -5.15000  3.3962457E-04
  -5.10000  3.4664761E-04
  -5.05000  3.5407619E-04
  -5.00000  3.6194264E-04
  -4.95000  3.7028253E-04
  -4.90000  3.7913429E-04
  -4.85000  3.8854253E-04
  -4.80000  3.9855681E-04
  -4.75000  4.0923182E-04
  -4.70000  4.2062844E-04
  -4.65000  4.3281670E-04
  -4.60000  4.4587519E-04
  -4.55000  4.5989287E-04
  -4.50000  4.7497080E-04
  -4.45000  4.9122427E-04
  -4.40000  5.0878792E-04
  -4.35000  5.2781604E-04
  -4.30000  5.4848792E-04
  -4.25000  5.7101254E-04
  -4.20000  5.9563727E-04
  -4.15000  6.2265426E-04
  -4.10000  6.5241232E-04
  -4.05000  6.8532964E-04
  -4.00000  7.2192065E-04
  -3.95000  7.6281514E-04
  -3.90000  8.0879983E-04
  -3.85000  8.6086852E-04
  -3.80000  9.2030439E-04
  -3.75000  9.8879528E-04
  -3.70000  1.0686164E-03
  -3.65000  1.1629243E-03
  -3.60000  1.2763099E-03
  -3.55000  1.4157538E-03
  -3.50000  1.5926614E-03
  -3.45000  1.8275559E-03
  -3.40000  2.1631212E-03
  -3.35000  2.7107577E-03
  -3.30000  3.9038537E-03
  -3.25000  9.8374188E-03
  -3.20000  4.6317668E-02
  -3.15000  9.5506872E-03
  -3.10000  1.8081139E-02
  -3.05000  3.2040138E-01
  -3.00000  2.8127965E-02
  -2.95000  1.7952803E-02
  -2.90000  5.1231137E-02
  -2.85000  1.8288603E-01
  -2.80000  1.5781984E-01
  -2.75000  1.2114345E-01
  -2.70000  3.2599015E-01
  -2.65000  5.3528185E-02
  -2.60000  1.6790783E-01
  -2.55000  5.3909817E-01
  -2.50000  4.9161671E-01
  -2.45000  2.4707938E-01
  -2.40000  1.3133340E-01
  -2.35000  4.6196904E-02
  -2.30000  2.0585818E-01
  -2.25000  3.5492752E-02
  -2.20000  1.3052708E-01
  -2.15000  6.1416610E-02
  -2.10000  5.2647860E-02
  -2.05000  5.4403646E-02
  -2.00000  2.3747877E-01
  -1.95000  3.1517291E-01
  -1.90000  1.8303739E-01
  -1.85000  8.5839833E-02
  -1.80000  4.2031257E-01
  -1.75000  1.8140474E-01
  -1.70000  9.0780348E-02
  -1.65000  7.6262004E-01
  -1.60000  4.7786632E-02
  -1.55000  2.9955588E-02
  -1.50000  1.5165472E-01
  -1.45000  3.9634437E-01
  -1.40000  1.7503834E-01
  -1.35000  1.3568421E-01
  -1.30000  1.3045961E-01
  -1.25000  8.3868786E-02
  -1.20000  7.2659994E-02
  -1.15000  6.6795862E-01
  -1.10000  1.7328693E-01
  -1.05000  3.9352491E-02
  -1.00000  6.3789293E-02
  -0.95000  5.5957006E-01
  -0.90000  5.4586102E-02
  -0.85000  4.7470004E-02
  -0.80000  4.9094828E-02
  -0.75000  1.7108111E-01
  -0.70000  6.7510251E-02
  -0.65000  1.1319622E-01
  -0.60000  2.1969599E-01
  -0.55000  2.3124306E-01
  -0.50000  2.7402891E-01
  -0.45000  3.0437963E-01
  -0.40000  7.6884223E-01
  -0.35000  7.1476890E-01
  -0.30000  6.8503299E-02
  -0.25000  2.8415968E-01
  -0.20000  1.2791590E-01
  -0.15000  8.1901957E-01
  -0.10000  7.3969242E-02
  -0.05000  7.5399994E-02
  -0.00000  1.2872163E-01
   0.05000  4.0658839E-01
   0.10000  1.5213366E-01
   0.15000  7.1475199E-02
   0.20000  4.8665105E-02
   0.25000  1.4342133E-01
   0.30000  4.4891940E-02
   0.35000  4.8228810E-02
   0.40000  1.6497498E-02
   0.45000  6.0585860E-03
   0.50000  3.9288740E-03
   0.55000  3.3078281E-03
   0.60000  2.4790081E-03
   0.65000  2.0268383E-03
   0.70000  1.7599169E-03
   0.75000  1.5624848E-03
   0.80000  1.4085104E-03
   0.85000  1.2848700E-03
   0.90000  1.1836324E-03
   0.95000  1.0996496E-03
   1.00000  1.0295140E-03
   1.05000  9.7128697E-04
   1.10000  9.2608716E-04
   1.15000  9.2978703E-04
   1.20000  9.8407098E-04
   1.25000  8.2033149E-04
   1.30000  7.8680017E-04
   1.35000  7.6527346E-04
   1.40000  7.5059920E-04
   1.45000  7.4219962E-04
   1.50000  7.4051546E-04
   1.55000  7.4666741E-04
   1.60000  7.6261769E-04
   1.65000  7.9162298E-04
   1.70000  8.3915786E-04
   1.75000  9.1480601E-04
   1.80000  1.0364562E-03
   1.85000  1.2406894E-03
   1.90000  1.6128086E-03
   1.95000  2.3958921E-03
   2.00000  4.5661477E-03
   2.05000  1.6486608E-02
   2.10000  2.3198796E-01
   2.15000  2.0781206E-02
   2.20000  2.7217351E-01
   2.25000  1.5289477E-02
   2.30000  4.4276645E-03
   2.35000  2.3265600E-03
   2.40000  2.1040967E-05
   2.45000  4.3593225E-05
   2.50000  6.3075848E-05
   2.55000  8.0526769E-05
   2.60000  9.7282024E-05
   2.65000  1.1373829E-04
   2.70000  1.3047399E-04
   2.75000  1.4816564E-04
   2.80000  1.6768041E-04
   2.85000  1.9038990E-04
   2.90000  2.1900378E-04
   2.95000  2.6072707E-04
   3.00000  3.4687592E-04
   3.05000  9.0285489E-04
   3.10000  2.8508724E-03
   3.15000  8.1632023E-04
   3.20000  9.8110036E-04
   3.25000  1.9776637E-03
   3.30000  4.5589290E-03
   3.35000  1.6647468E-03
   3.40000  2.3971033E-03
   3.45000  9.9807261E-04
   3.50000  2.0595783E-03
   3.55000  1.1262281E-02
   3.60000  1.5825211E-02
   3.65000  3.5975919E-03
   3.70000  4.7013942E-02
   3.75000  7.1895143E-03
   3.80000  2.0315466E-02
   3.85000  1.7341512E-01
   3.90000  3.1512383E-02
   3.95000  1.5614155E-02
   4.00000  4.9447351E-02
   4.05000  8.9546897E-02
   4.10000  3.2257609E-02
   4.15000  2.1571054E-02
   4.20000  6.8309436E-02
   4.25000  3.0799383E-02
   4.30000  1.8320623E-02
   4.35000  1.9669134E-02
   4.40000  1.0248633E-02
   4.45000  6.1223209E-03
   4.50000  6.6317751E-03
   4.55000  5.8945983E-03
   4.60000  7.3325000E-03
   4.65000  1.3709960E-02
   4.70000  4.8779706E-02
   4.75000  2.0267059E-01
   4.80000  2.7683859E-02
   4.85000  1.2062623E-02
   4.90000  9.7759783E-03
   4.95000  1.0384880E-02
   5.00000  1.2580966E-02
   5.05000  1.6709404E-02
   5.10000  2.3936002E-02
   5.15000  3.6135207E-02
   5.20000  5.3972921E-02
   5.25000  6.9666809E-02
   5.30000  6.9339022E-02
   5.35000  5.7559100E-02
   5.40000  4.6790081E-02
   5.45000  4.0903577E-02
   5.50000  3.9849375E-02
   5.55000  4.3661722E-02
   5.60000  5.3067622E-02
   5.65000  6.5517808E-02
   5.70000  6.8219719E-02
   5.75000  5.6925668E-02
   5.80000  4.0833874E-02
   5.85000  2.8195907E-02
   5.90000  2.0073028E-02
   5.95000  1.5099119E-02
   6.00000  1.2113896E-02
   6.05000  1.0485423E-02
   6.10000  9.9076464E-03
   6.15000  9.7056294E-03
   6.20000  8.6790305E-03
   6.25000  7.6790778E-03
   6.30000  6.9605699E-03
   6.35000  6.6977619E-03
   6.40000  7.5196798E-03
   6.45000  9.8088602E-03
   6.50000  1.3490425E-02
   6.55000  1.4661386E-02
   6.60000  1.2343385E-02
   6.65000  8.8260238E-03
   6.70000  7.6908430E-03
   6.75000  8.0032685E-03
   6.80000  7.1804111E-03
   6.85000  6.8162592E-03
   6.90000  6.9659482E-03
   6.95000  5.5613985E-03
   7.00000  4.0174339E-03
   7.05000  2.9993334E-03
   7.10000  2.4016571E-03
   7.15000  2.0340764E-03
   7.20000  1.7893426E-03
   7.25000  1.6151518E-03
   7.30000  1.4847700E-03
   7.35000  1.3609237E-03
   7.40000  1.2818032E-03
   7.45000  1.2172274E-03
   7.50000  1.1637872E-03
   7.55000  1.1191249E-03
   7.60000  1.0815596E-03
   7.65000  1.0498653E-03
   7.70000  1.0231292E-03
   7.75000  1.0006557E-03
   7.80000  9.8191303E-04
   7.85000  9.6648886E-04
   7.90000  9.5406610E-04
   7.95000  9.4439721E-04
   8.00000  9.3729419E-04
   8.05000  9.3261848E-04
   8.10000  9.3027056E-04
   8.15000  9.3018615E-04
   8.20000  9.3233485E-04
   8.25000  9.3671531E-04
   8.30000  9.4335460E-04
   8.35000  9.5230805E-04
   8.40000  9.6366160E-04
   8.45000  9.7753304E-04
   8.50000  9.9407596E-04
   8.55000  1.0134825E-03
   8.60000  1.0359847E-03
   8.65000  1.0618678E-03
   8.70000  1.0914764E-03
   8.75000  1.1252249E-03
   8.80000  1.1636139E-03
   8.85000  1.2072377E-03
   8.90000  1.2568131E-03
   8.95000  1.3132038E-03
   9.00000  1.3774466E-03
   9.05000  1.4507911E-03
   9.10000  1.5347429E-03
   9.15000  1.6311134E-03
   9.20000  1.7420738E-03
   9.25000  1.8702104E-03
   9.30000  2.0173850E-03
   9.35000  2.1872697E-03
   9.40000  2.3842364E-03
   9.45000  2.6124016E-03
   9.50000  2.8758282E-03
   9.55000  3.1779203E-03
   9.60000  3.5204358E-03
   9.65000  3.9020566E-03
   9.70000  4.3166409E-03
   9.75000  4.7516001E-03
   9.80000  5.1872927E-03
   9.85000  5.5985150E-03
   9.90000  5.9586894E-03
   9.95000  6.2459361E-03
   10.0000  6.4486411E-03
   10.1000  6.6158402E-03
   10.2000  6.5740762E-03
   10.3000  6.4722576E-03
   10.4000  6.4100211E-03
   10.5000  6.4319573E-03
   10.6000  6.5495630E-03
   10.7000  6.7590254E-03
   10.8000  7.0502460E-03
   10.9000  7.4103360E-03
   11.0000  7.8248158E-03
   11.1000  8.2781711E-03
   11.2000  8.7545361E-03
   11.3000  9.2387313E-03
   11.4000  9.7174813E-03
   11.5000  1.0180451E-02
   11.6000  1.0620828E-02
   11.7000  1.1035271E-02
   11.8000  1.1423532E-02
   11.9000  1.1787899E-02
   12.0000  1.2132930E-02
   12.1000  1.2440108E-02
   12.2000  1.2743103E-02
   12.3000  1.3074708E-02
   12.4000  1.3423615E-02
   12.5000  1.3800539E-02
   12.6000  1.4221992E-02
   12.7000  1.4699932E-02
   12.8000  1.5247651E-02
   12.9000  1.5878056E-02
   13.0000  1.6603727E-02
   13.1000  1.7437111E-02
   13.2000  1.8390896E-02
   13.3000  1.9478301E-02
   13.4000  2.0712289E-02
   13.5000  2.2109955E-02
   13.6000  2.3688947E-02
   13.7000  2.5468625E-02
   13.8000  2.7470122E-02
   13.9000  2.9716153E-02
   14.0000  3.2230956E-02
   14.1000  3.5040510E-02
   14.2000  3.8173258E-02
   14.3000  4.1661435E-02
   14.4000  4.5542906E-02
   14.5000  4.9862746E-02
   14.6000  5.4672461E-02
   14.7000  6.0022139E-02
   14.8000  6.5935165E-02
   14.9000  7.2355706E-02
   15.0000  7.9066799E-02
   15.1000  8.5627878E-02
   15.2000  9.1448661E-02
   15.3000  9.6066639E-02
   15.4000  9.9435777E-02
   15.5000  1.0192088E-01
   15.6000  1.0402701E-01
   15.7000  1.0615884E-01
   15.8000  1.0855009E-01
   15.9000  1.1129977E-01
   16.0000  1.1442788E-01
   16.1000  1.1791490E-01
   16.2000  1.2172257E-01
   16.3000  1.2579554E-01
   16.4000  1.3004544E-01
   16.5000  1.3435445E-01
   16.6000  1.3858427E-01
   16.7000  1.4263997E-01
   16.8000  1.4652145E-01
   16.9000  1.5035169E-01
   17.0000  1.5433438E-01
   17.1000  1.5868189E-01
   17.2000  1.6354719E-01
   17.3000  1.6898170E-01
   17.4000  1.7490488E-01
   17.5000  1.8110268E-01
   17.6000  1.8725580E-01
   17.7000  1.9320354E-01
   17.8000  1.9752587E-01
   17.9000  2.0111352E-01
   18.0000  2.0397151E-01
   18.1000  2.0609848E-01
   18.2000  2.0748657E-01
   18.3000  2.0821741E-01
   18.4000  2.0862031E-01
   18.5000  2.0920453E-01
   18.6000  2.1048163E-01
   18.7000  2.1282634E-01
   18.8000  2.1644603E-01
   18.9000  2.2140616E-01
   19.0000  2.2767904E-01
   19.1000  2.3516772E-01
   19.2000  2.4371181E-01
   19.3000  2.5308545E-01
   19.4000  2.6299569E-01
   19.5000  2.7309305E-01
   19.6000  2.8301063E-01
   19.7000  2.9242495E-01
   19.8000  3.0112767E-01
   19.9000  3.0906421E-01
   20.0000  3.1630791E-01
   20.1000  3.2299298E-01
   20.2000  3.2924817E-01
   20.3000  3.3515703E-01
   20.4000  3.4075277E-01
   20.5000  3.4603228E-01
   20.6000  3.5098537E-01
   20.7000  3.5560499E-01
   20.8000  3.5990222E-01
   20.9000  3.6390236E-01
   21.0000  3.6763663E-01
   21.1000  3.7113540E-01
   21.2000  3.7442365E-01
   21.3000  3.7751917E-01
   21.4000  3.8043226E-01
   21.5000  3.8316496E-01
   21.6000  3.8571392E-01
   21.7000  3.8807635E-01
   21.8000  3.9024995E-01
   21.9000  3.9224225E-01
   22.0000  3.9407658E-01
   22.1000  3.9579298E-01
   22.2000  3.9744536E-01
   22.3000  3.9909802E-01
   22.4000  4.0081922E-01
   22.5000  4.0267556E-01
   22.6000  4.0472623E-01
   22.7000  4.0701870E-01
   22.8000  4.0958661E-01
   22.9000  4.1244753E-01
   23.0000  4.1560457E-01
   23.1000  4.1903771E-01
   23.2000  4.2271089E-01
   23.3000  4.2657012E-01
   23.4000  4.3054486E-01
   23.5000  4.3455000E-01
   23.6000  4.3849061E-01
   23.7000  4.4226768E-01
   23.8000  4.4578540E-01
   23.9000  4.4895764E-01
   24.0000  4.5171471E-01
   24.1000  4.5399246E-01
   24.2000  4.5577339E-01
   24.3000  4.5706389E-01
   24.4000  4.5788901E-01
   24.5000  4.5829031E-01
   24.6000  4.5832234E-01
   24.7000  4.5804861E-01
   24.8000  4.5753703E-01
   24.9000  4.5685726E-01
   25.0000  4.5607712E-01
   25.1000  4.5526172E-01
   25.2000  4.5447207E-01
   25.3000  4.5376416E-01
   25.4000  4.5318763E-01
   25.5000  4.5278363E-01
   25.6000  4.5258254E-01
   25.7000  4.5259799E-01
   25.8000  4.5282370E-01
   25.9000  4.5322852E-01
   26.0000  4.5375292E-01
   26.1000  4.5430393E-01
   26.2000  4.5475338E-01
   26.3000  4.5493971E-01
   26.4000  4.5467314E-01
   26.5000  4.5374421E-01
   26.6000  4.5193950E-01
   26.7000  4.4906024E-01
   26.8000  4.4494374E-01
   26.9000  4.3948339E-01
   27.0000  4.3264561E-01
   27.1000  4.2447731E-01
   27.2000  4.1509974E-01
   27.3000  4.0469757E-01
   27.4000  3.9350032E-01
   27.5000  3.8175933E-01
   27.6000  3.6972706E-01
   27.7000  3.5764095E-01
   27.8000  3.4571330E-01
   27.9000  3.3412146E-01
   28.0000  3.2300644E-01
   28.1000  3.1247641E-01
   28.2000  3.0260590E-01
   28.3000  2.9344089E-01
   28.4000  2.8500372E-01
   28.5000  2.7729684E-01
   28.6000  2.7030777E-01
   28.7000  2.6401505E-01
   28.8000  2.5838921E-01
   28.9000  2.5339957E-01
   29.0000  2.4901641E-01
   29.1000  2.4521236E-01
   29.2000  2.4196381E-01
   29.3000  2.3925115E-01
   29.4000  2.3705817E-01
   29.5000  2.3537130E-01
   29.6000  2.3417786E-01
   29.7000  2.3346458E-01
   29.8000  2.3321383E-01
   29.9000  2.3340104E-01
   30.0000  2.3399278E-01
   30.1000  2.3494358E-01
   30.2000  2.3619462E-01
   30.3000  2.3767342E-01
   30.4000  2.3929462E-01
   30.5000  2.4096322E-01
   30.6000  2.4257915E-01
   30.7000  2.4404374E-01
   30.8000  2.4526999E-01
   30.9000  2.4617694E-01
   31.0000  2.4670415E-01
   31.1000  2.4686552E-01
   31.2000  2.4655085E-01
   31.3000  2.4581786E-01
   31.4000  2.4470487E-01
   31.5000  2.4325228E-01
   31.6000  2.4151406E-01
   31.7000  2.3954933E-01
   31.8000  2.3745401E-01
   31.9000  2.3517251E-01
   32.0000  2.3287700E-01
   32.1000  2.3059204E-01
   32.2000  2.2834492E-01
   32.3000  2.2618419E-01
   32.4000  2.2417944E-01
   32.5000  2.2229405E-01
   32.6000  2.2058320E-01
   32.7000  2.1906713E-01
   32.8000  2.1776348E-01
   32.9000  2.1655157E-01
   33.0000  2.1572693E-01
   33.1000  2.1514266E-01
   33.2000  2.1480081E-01
   33.3000  2.1470052E-01
   33.4000  2.1483795E-01
   33.5000  2.1520666E-01
   33.6000  2.1579747E-01
   33.7000  2.1659856E-01
   33.8000  2.1759545E-01
   33.9000  2.1877186E-01
   34.0000  2.2010811E-01
   34.1000  2.2158303E-01
   34.2000  2.2317308E-01
   34.3000  2.2485225E-01
   34.4000  2.2659375E-01
   34.5000  2.2837011E-01
   34.6000  2.3015349E-01
   34.7000  2.3191671E-01
   34.8000  2.3363408E-01
   34.9000  2.3528223E-01
   35.0000  2.3683955E-01
   35.1000  2.3828980E-01
   35.2000  2.3962119E-01
   35.3000  2.4082468E-01
   35.4000  2.4189452E-01
   35.5000  2.4282875E-01
   35.6000  2.4362756E-01
   35.7000  2.4429331E-01
   35.8000  2.4482974E-01
   35.9000  2.4524338E-01
   36.0000  2.4554463E-01
   36.1000  2.4573921E-01
   36.2000  2.4583567E-01
   36.3000  2.4584931E-01
   36.4000  2.4579472E-01
   36.5000  2.4568980E-01
   36.6000  2.4555668E-01
   36.7000  2.4542123E-01
   36.8000  2.4530785E-01
   36.9000  2.4524395E-01
   37.0000  2.4525700E-01
   37.1000  2.4537280E-01
   37.2000  2.4561433E-01
   37.3000  2.4599818E-01
   37.4000  2.4653315E-01
   37.5000  2.4721984E-01
   37.6000  2.4804886E-01
   37.7000  2.4900011E-01
   37.8000  2.5004176E-01
   37.9000  2.5113185E-01
   38.0000  2.5222204E-01
   38.1000  2.5325564E-01
   38.2000  2.5417541E-01
   38.3000  2.5492806E-01
   38.4000  2.5543697E-01
   38.5000  2.5568403E-01
   38.6000  2.5566714E-01
   38.7000  2.5537599E-01
   38.8000  2.5481140E-01
   38.9000  2.5398724E-01
   39.0000  2.5291971E-01
   39.1000  2.5163177E-01
   39.2000  2.5015011E-01
   39.3000  2.4850359E-01
   39.4000  2.4672178E-01
   39.5000  2.4483457E-01
   39.6000  2.4287140E-01
   39.7000  2.4086156E-01
   39.8000  2.3883274E-01
   39.9000  2.3680883E-01
   40.0000  2.3481232E-01
   40.1000  2.3285562E-01
   40.2000  2.3094318E-01
   40.3000  2.2907225E-01
   40.4000  2.2723297E-01
   40.5000  2.2540869E-01
   40.6000  2.2357776E-01
   40.7000  2.2171588E-01
   40.8000  2.1979881E-01
   40.9000  2.1780493E-01
   41.0000  2.1571700E-01
   41.1000  2.1352401E-01
   41.2000  2.1122118E-01
   41.3000  2.0881067E-01
   41.4000  2.0630032E-01
   41.5000  2.0369700E-01
   41.6000  2.0101319E-01
   41.7000  1.9826307E-01
   41.8000  1.9546144E-01
   41.9000  1.9262325E-01
   42.0000  1.8976279E-01
   42.1000  1.8689352E-01
   42.2000  1.8402802E-01
   42.3000  1.8117746E-01
   42.4000  1.7835146E-01
   42.5000  1.7555893E-01
   42.6000  1.7280797E-01
   42.7000  1.7010541E-01
   42.8000  1.6745686E-01
   42.9000  1.6486977E-01
   43.0000  1.6234906E-01
   43.1000  1.5989820E-01
   43.2000  1.5752117E-01
   43.3000  1.5522087E-01
   43.4000  1.5299866E-01
   43.5000  1.5085381E-01
   43.6000  1.4878330E-01
   43.7000  1.4678230E-01
   43.8000  1.4484382E-01
   43.9000  1.4295927E-01
   44.0000  1.4111906E-01
   44.1000  1.3931358E-01
   44.2000  1.3753371E-01
   44.3000  1.3577132E-01
   44.4000  1.3402004E-01
   44.5000  1.3227555E-01
   44.6000  1.3053612E-01
   44.7000  1.2880334E-01
   44.8000  1.2708090E-01
   44.9000  1.2537292E-01
   45.0000  1.2368673E-01
   45.1000  1.2203146E-01
   45.2000  1.2041735E-01
   45.3000  1.1885529E-01
   45.4000  1.1735701E-01
   45.5000  1.1593308E-01
   45.6000  1.1459386E-01
   45.7000  1.1334874E-01
   45.8000  1.1220604E-01
   45.9000  1.1117193E-01
   46.0000  1.1025061E-01
   46.1000  1.0944432E-01
   46.2000  1.0875338E-01
   46.3000  1.0817582E-01
   46.4000  1.0770779E-01
   46.5000  1.0734378E-01
   46.6000  1.0707684E-01
   46.7000  1.0689916E-01
   46.8000  1.0680271E-01
   46.9000  1.0675587E-01
   47.0000  1.0675805E-01
   47.1000  1.0681388E-01
   47.2000  1.0691634E-01
   47.3000  1.0705870E-01
   47.4000  1.0723550E-01
   47.5000  1.0744233E-01
   47.6000  1.0767361E-01
   47.7000  1.0792538E-01
   47.8000  1.0819498E-01
   47.9000  1.0847891E-01
   48.0000  1.0877491E-01
   48.1000  1.0908139E-01
   48.2000  1.0939766E-01
   48.3000  1.0972211E-01
   48.4000  1.1005359E-01
   48.5000  1.1039204E-01
   48.6000  1.1073661E-01
   48.7000  1.1108581E-01
   48.8000  1.1143788E-01
   48.9000  1.1178916E-01
   49.0000  1.1213522E-01
   49.1000  1.1247132E-01
   49.2000  1.1279266E-01
   49.3000  1.1309598E-01
   49.4000  1.1338010E-01
   49.5000  1.1364635E-01
   49.6000  1.1389820E-01
   49.7000  1.1414132E-01
   49.8000  1.1438212E-01
   49.9000  1.1462760E-01
   50.0000  1.1488467E-01

 Arctangent model
    Gamma_max  =  15.00,  Ecent =  30.00, Elarg =  30.00
    Gamma_hole =   0.94, E_cut =  -0.634, Shift =   1.656 eV,  site  1
      E_(eV)     Width_(eV) lambda_(A)
     -21.500       0.940       0.000
      -0.650       0.940       0.000
      -0.600       0.940  694672.576
      -0.550       0.940  114652.996
      -0.500       0.940   45327.770
       2.350       1.030     116.959
       7.100       1.553      22.123
      11.900       2.588       9.739
      16.700       4.132       5.708
      21.400       5.909       4.052
      26.200       7.562       3.310
      31.000       8.827       2.986
      35.700       9.731       2.848
      40.500      10.417       2.793
      45.300      10.944       2.780
      50.000      11.356       2.791
    Gamma_hole =   0.94, E_cut =  -0.622, Shift =   0.000 eV,  site  2
    Gamma_hole =   0.94, E_cut =  -0.548, Shift =   2.536 eV,  site  3
    Gamma_hole =   0.94, E_cut =  -0.497, Shift =   2.606 eV,  site  4
